;Unnamed: 0;filename;relative_path;CPU_opencv_Dlib;CPU_opencv_Facenet512;CPU_opencv_Facenet;CPU_opencv_ArcFace;CPU_opencv_OpenFace;CPU_opencv_DeepID;CPU_opencv_DeepFace;CPU_opencv_GhostFaceNet;CPU_opencv_sFace;CPU_ssd_Dlib;CPU_ssd_Facenet512;CPU_ssd_Facenet;CPU_ssd_ArcFace;CPU_ssd_OpenFace;CPU_ssd_DeepID;CPU_ssd_DeepFace;CPU_ssd_GhostFaceNet;CPU_ssd_sFace;CPU_dlib_Dlib;CPU_dlib_Facenet512;CPU_dlib_Facenet;CPU_dlib_ArcFace;CPU_dlib_OpenFace;CPU_dlib_DeepID;CPU_dlib_DeepFace;CPU_dlib_GhostFaceNet;CPU_dlib_sFace;CPU_mtcnn_Dlib;CPU_mtcnn_Facenet512;CPU_mtcnn_Facenet;CPU_mtcnn_ArcFace;CPU_mtcnn_OpenFace;CPU_mtcnn_DeepID;CPU_mtcnn_DeepFace;CPU_mtcnn_GhostFaceNet;CPU_mtcnn_sFace;CPU_retinaface_Dlib;CPU_retinaface_Facenet512;CPU_retinaface_Facenet;CPU_retinaface_ArcFace;CPU_retinaface_OpenFace;CPU_retinaface_DeepID;CPU_retinaface_DeepFace;CPU_retinaface_GhostFaceNet;CPU_retinaface_sFace;CPU_yolov8_Dlib;CPU_yolov8_Facenet512;CPU_yolov8_Facenet;CPU_yolov8_ArcFace;CPU_yolov8_OpenFace;CPU_yolov8_DeepID;CPU_yolov8_DeepFace;CPU_yolov8_GhostFaceNet;CPU_yolov8_sFace;CPU_yunet_Dlib;CPU_yunet_Facenet512;CPU_yunet_Facenet;CPU_yunet_ArcFace;CPU_yunet_OpenFace;CPU_yunet_DeepID;CPU_yunet_DeepFace;CPU_yunet_GhostFaceNet;CPU_yunet_sFace;CPU_fastmtcnn_Dlib;CPU_fastmtcnn_Facenet512;CPU_fastmtcnn_Facenet;CPU_fastmtcnn_ArcFace;CPU_fastmtcnn_OpenFace;CPU_fastmtcnn_DeepID;CPU_fastmtcnn_DeepFace;CPU_fastmtcnn_GhostFaceNet;CPU_fastmtcnn_sFace;image_size;image_width;image_height
0;0;001_fe3347c0.jpg;imagens/Celebrity Faces Dataset/Angelina Jolie/001_fe3347c0.jpg;;3.49160285799735;2.1987480739990133;1.9348244569991948;2.060677809000481;0.2754687420019763;;4.458305574997212;;;0.4694228019943693;0.3309281209949404;0.2841566749993944;0.1605925330004538;0.0909773710009176;;0.3031776299976627;;;;;;;;;;;;4.295585241998197;2.2357372080005007;1.7856724720040802;1.4891180979975616;1.4682039160034035;;1.730977941006131;;;42.43899439099914;13.460159633999863;12.243795837996004;12.941869217000203;12.06371641199803;;12.36305698799697;;;;;;;;;;;;0.1938590810023015;0.20135745099833;0.1981987120016128;0.1177556060065398;0.0444384160000481;;0.1999032340027042;;;;;;;;;;;36023.0;474.0;569.0
1;1;002_8f8da10e.jpg;imagens/Celebrity Faces Dataset/Angelina Jolie/002_8f8da10e.jpg;;0.407441833995108;0.3380840110039571;0.3604278299972066;0.241421699996863;0.1405985430028522;;0.4199997429968789;;;0.3355582310032332;0.3112383260013303;0.2608104570026626;0.1896422610006993;0.1016470570029923;;0.3738404370014905;;;;;;;;;;;;1.8735479879978807;2.1597190989996307;1.454526090004947;1.431541157005995;1.5890313199997763;;1.5409445620025508;;;11.511672825996357;10.487593746001949;10.53885890100355;10.562441997004498;10.316957912000362;;10.927605773998948;;;;;;;;;;;;0.1837037060031434;0.200687847995141;0.1789957110013347;0.1022574460002943;0.0472053970006527;;0.1627060610044282;;;;;;;;;;;38793.0;474.0;474.0
2;2;003_57612506.jpg;imagens/Celebrity Faces Dataset/Angelina Jolie/003_57612506.jpg;;0.393831705005141;0.3384815039971727;0.3691457090026233;0.2136380589945474;0.1636957119990256;;0.3848015019975719;;;0.2913779840018833;0.3231406170016271;0.3446786330023315;0.1661463119962718;0.2063174119975883;;0.2942334299950744;;;;;;;;;;;;2.0382118790003005;1.6708976589943632;1.7139487849999568;1.5064266650006175;1.615082671996788;;1.5776613229973009;;;12.811836319997385;12.75131969799986;13.435167112002093;12.18340800000442;12.266609179001534;;12.398148490996393;;;;;;;;;;;;0.1985342569969361;0.1995170469963341;0.2018380430017714;0.1078447920008329;0.0365228179944097;;0.1868696189994807;;;;;;;;;;;33755.0;474.0;568.0
3;3;004_f61e7d0c.jpg;imagens/Celebrity Faces Dataset/Angelina Jolie/004_f61e7d0c.jpg;;0.2890495390020078;0.2588029600010486;0.267864642002678;0.1266791599991847;0.0611472430027788;;0.3508758699972532;;;0.3299298139972961;0.2662418990003061;0.2446528400032548;0.1341928529946017;0.0806546509993495;;0.2462297870006295;;;;;;;;;;;;1.3386873529962031;1.0025841759998002;1.0261994339962257;1.003026795995538;1.008307240997965;;1.1149573389993748;;;13.000098227996205;13.037246769003104;12.69673979900108;13.275562382994394;12.456820264000273;;12.78725343199767;;;;;;;;;;;;0.1885079319981741;0.183079197006009;0.1763015809992794;0.098236893005378;0.0294600189954508;;0.1631117039942182;;;;;;;;;;;5675.0;160.0;198.0
4;4;005_582c121a.jpg;imagens/Celebrity Faces Dataset/Angelina Jolie/005_582c121a.jpg;;0.3730079669985571;0.3322898000042187;0.3261129129969049;0.2020900330026052;0.1364732859947253;;0.3608066119995783;;;0.3029661730033695;0.2929048160003731;0.241627345996676;0.1780446699995082;0.1294840770060545;;0.3501196219949634;;;;;;;;;;;;1.8376199550039016;1.3933234979995175;1.7527093809985672;1.4564876109943723;1.6167778439994436;;1.5934477349946974;;;11.990741866997269;12.608987202998833;11.18816899399826;11.052395594997506;11.139960151995185;;11.839404746999207;;;;;;;;;;;;0.2059803920055856;0.1964032660034718;0.1801104670012137;0.1030390360028832;0.0641442220003227;;0.2002513799961889;;;;;;;;;;;35651.0;474.0;512.0
5;5;006_9135205d.jpg;imagens/Celebrity Faces Dataset/Angelina Jolie/006_9135205d.jpg;;0.7440551620020415;0.5854172289982671;0.5830352420016425;0.3625839649976115;0.192796344999806;;0.6814885330022662;;;0.3262430579998181;0.309877610001422;0.3256900050037075;0.1537172140015172;0.1344425200004479;;0.3282400559983216;;;;;;;;;;;;2.3369630460001645;2.1151892429988948;1.7717206180022913;1.6078007179967244;1.8041127789983875;;2.1657247099938104;;;13.306278446005308;12.903482344998338;12.407646498002578;12.31949488400278;12.661259971006077;;12.666050852996705;;;;;;;;;;;;0.2020029869963764;0.2149163879948901;0.2048598649998894;0.1114277080050669;0.0624921170019661;;0.2068182440052623;;;;;;;;;;;45088.0;474.0;568.0
6;6;007_cabbfcbb.jpg;imagens/Celebrity Faces Dataset/Angelina Jolie/007_cabbfcbb.jpg;;0.3589526389987441;0.341901470994344;0.2963955779996468;0.1980723230008152;0.1229544210000312;;0.3672533819990349;;;0.3133757929972489;0.298714110002038;0.2711234210000839;0.1562097880014334;0.110262052003236;;0.2910675399980391;;;;;;;;;;;;1.9023149450003984;1.3571936520020245;2.010734430994489;1.3427033740008485;1.6469123100032448;;2.012824315002945;;;12.234147909999592;10.970728837994102;11.364241296003456;10.897917464993952;10.731056188000366;;10.812127559001963;;;;;;;;;;;;0.1841828249962418;0.209391782998864;0.2012960139982169;0.0913100000034319;0.0659775499952957;;0.1916260509970015;;;;;;;;;;;21699.0;474.0;498.0
7;7;008_d1f87068.jpg;imagens/Celebrity Faces Dataset/Angelina Jolie/008_d1f87068.jpg;;0.6922652880020905;0.5937635260052048;0.4925628900018637;0.3075273400027072;0.1595975749951321;;0.6265313800031436;;;0.2816202559988596;0.3149329439984285;0.2535726220012293;0.1442271850028191;0.1013396470007137;;0.3204497229962726;;;;;;;;;;;;1.5035736429999815;1.5030446739983745;2.019800691996352;1.427363406997756;1.475077311995847;;2.02519545800169;;;10.695264194997437;10.762574544998644;10.276253921001626;10.212311078998027;10.84873041100218;;10.470069887000136;;;;;;;;;;;;0.1982364689974929;0.1978697679951437;0.1989692499992088;0.1098119130037957;0.0705053970013978;;0.190541015996132;;;;;;;;;;;33334.0;474.0;474.0
8;8;009_fb3e6174.jpg;imagens/Celebrity Faces Dataset/Angelina Jolie/009_fb3e6174.jpg;;0.4222487160004675;0.3430932189949089;0.3062539789971197;0.1998756489992956;0.1416878689997247;;0.3582507469982374;;;0.3097501919983187;0.3096076689980691;0.2963676960062003;0.1594316209957469;0.0856746410063351;;0.3002685270039364;;;;;;;;;;;;1.547890585999994;1.9953878529995563;1.4929874680019566;1.4663610790012171;1.5129396070042276;;1.5119205989976765;;;12.486459574000037;12.548865441000087;13.716014281999378;12.543302181999024;12.050861174000602;;12.389361169996846;;;;;;;;;;;;0.2023905129972263;0.2623315450036898;0.1803703350014984;0.1050951429933775;0.0606829640018986;;0.1885981779996655;;;;;;;;;;;35293.0;474.0;568.0
9;9;010_f99d79e3.jpg;imagens/Celebrity Faces Dataset/Angelina Jolie/010_f99d79e3.jpg;;0.7563423560059164;0.6175551730048028;0.5367060630014748;0.3532470919963089;0.1925013319996651;;0.6634824389984715;;;0.28756216000329;0.3172756650019437;0.2884920680007781;0.1622476549964631;0.1302117860032012;;0.2942466129970853;;;;;;;;;;;;1.6882585950006614;1.9153793680015951;1.691167161006888;1.5493904710019706;1.720265483003459;;1.8002050700015388;;;12.800230505003128;12.65383435699914;13.20653293399664;12.287770166003613;12.21739447300206;;12.344105017000402;;;;;;;;;;;;0.3556436639992171;0.3724970219991519;0.3212545849964954;0.1720484929974191;0.0770266269973944;;0.3378874760019243;;;;;;;;;;;49009.0;474.0;568.0
10;10;011_7344ca35.jpg;imagens/Celebrity Faces Dataset/Angelina Jolie/011_7344ca35.jpg;;0.3985025340007269;0.3472527240010095;0.3317513570000301;0.2700296280017937;0.157430616003694;;0.4414266520034289;;;0.3149218849939643;0.3156861640018178;0.3111992230042233;0.1538241560047026;0.141737045996706;;0.2965434259967878;;;;;;;;;;;;1.50477362699894;2.106779061999987;1.5277824990043882;1.4970369310030949;1.694892384999548;;1.708621416000824;;;13.10430700199504;11.770339937000244;11.319458294005017;11.305593646997297;11.361297378003655;;11.77992583100422;;;;;;;;;;;;0.1712449249971541;0.1747817680006846;0.178018284997961;0.1027027820018702;0.0548184790022787;;0.1828186690036091;;;;;;;;;;;32706.0;474.0;527.0
11;11;012_cfcd4007.jpg;imagens/Celebrity Faces Dataset/Angelina Jolie/012_cfcd4007.jpg;;0.3957325800001854;0.3312824559980072;0.2991942660009954;0.2196372149992385;0.146064409003884;;0.3874380060005933;;;0.319537939998554;0.2989444429986179;0.2465543239959515;0.1786996659939177;0.1069120329993893;;0.3338177029945655;;;;;;;;;;;;1.4780538939958203;2.221126403994276;1.4693864050059346;1.4105079139990266;1.6679420750006102;;1.5970446850042208;;;12.731034630000067;12.612805334996663;14.019162229000358;12.687301637997734;13.760749542001577;;12.589318075995834;;;;;;;;;;;;0.1709026460011955;0.1865709410049021;0.1802845189959043;0.1186885790011729;0.0670192539982963;;0.1827369620004901;;;;;;;;;;;26816.0;474.0;584.0
12;12;013_95ecbd39.jpg;imagens/Celebrity Faces Dataset/Angelina Jolie/013_95ecbd39.jpg;;0.4288041079998947;0.3261911009976757;0.3113046190046589;0.1911726780017488;0.129600931002642;;0.3492131519960821;;;0.3132023330035736;0.3039929500009748;0.3249690890006604;0.1446987080053077;0.1040707070060307;;0.358018216000346;;;;;;;;;;;;1.6109566419982002;1.675193721006508;1.8746114919995307;1.3895327160062152;1.555788591002056;;1.7634013880015118;;;10.752170692998334;10.689055360002383;10.257171466000727;10.225671207001142;10.42519517299661;;10.41620973800309;;;;;;;;;;;;0.1761463789953268;0.2031267889979062;0.1694268770006601;0.1066462180024245;0.0671699790036655;;0.1950069640006404;;;;;;;;;;;19451.0;474.0;474.0
13;13;014_0d29db88.jpg;imagens/Celebrity Faces Dataset/Angelina Jolie/014_0d29db88.jpg;;0.6319522299963864;0.5344891059939982;0.5294420909995097;0.3149316169947269;0.1460884870029986;;0.5964870200041332;;;0.3180871369986562;0.3249006719997851;0.2601979409955675;0.1532490229947143;0.0907544340007007;;0.3219580660006613;;;;;;;;;;;;1.8341793829968085;1.9407260160005533;1.7931481559935492;1.535337838999112;1.6655545070025255;;2.1486565490049543;;;13.481066537002334;12.154602870003146;11.989900498003408;11.863733017002232;11.64053590099502;;12.12799536500097;;;;;;;;;;;;0.2050832969980547;0.218439069998567;0.2006698510012938;0.1075401490015792;0.0659317720055696;;0.1878168159964843;;;;;;;;;;;27215.0;474.0;550.0
14;14;015_8bac79b5.jpg;imagens/Celebrity Faces Dataset/Angelina Jolie/015_8bac79b5.jpg;;0.4166311410008347;0.3746598590005305;0.3505269949964713;0.2105043629999272;0.1543131779981195;;0.355716518999543;;;0.3174164360025315;0.321650738005701;0.3445922240061918;0.1668309369997587;0.1035222350037656;;0.2993992369956686;;;;;;;;;;;;1.6568289380011263;2.188560039998265;1.4379668870024034;1.5447831799974665;1.879964984000253;;1.5655458069959425;;;12.890208303004329;12.90938186999847;12.50298521899822;12.66118751600152;12.442085358998156;;12.802236006995372;;;;;;;;;;;;0.1882969349971972;0.2476430759998038;0.1967966340016573;0.097907433999353;0.0662044900018372;;0.1771899939994909;;;;;;;;;;;47791.0;474.0;581.0
15;15;016_8945d6ca.jpg;imagens/Celebrity Faces Dataset/Angelina Jolie/016_8945d6ca.jpg;;0.4579300780023914;0.3259122259987634;0.3300690249961917;0.2062474179983837;0.1545698959962465;;0.3578593999991426;;;0.3515693070003181;0.3115076350004528;0.296709930000361;0.1742990389975602;0.1193973600020399;;0.3176078859978588;;;;;;;;;;;;1.848653380999167;2.350408300000709;1.3991375960031291;1.4808147340008873;1.8385037790067145;;1.9829860989993904;;;13.12247839900374;13.100136227003532;12.7308435369996;12.632260091995704;14.157794676000776;;12.940938726998866;;;;;;;;;;;;0.2067900520050898;0.1991019319975748;0.1755139950037119;0.0892054130017641;0.0584582470037275;;0.196199270998477;;;;;;;;;;;41377.0;474.0;591.0
16;16;017_e28ea9d4.jpg;imagens/Celebrity Faces Dataset/Angelina Jolie/017_e28ea9d4.jpg;;0.4761160229973029;0.3968268640019232;0.3161469379992923;0.2231382120007765;0.1521444620011607;;0.3599962919979589;;;0.3193755600004806;0.2998659100048826;0.3274317420000443;0.1569428470029379;0.1063976789955631;;0.3141023319985834;;;;;;;;;;;;2.0511070520005887;1.9722437969976452;1.5537123329995666;1.428273913996236;2.016504867002368;;1.9932177999944545;;;12.490627200000745;13.212311251001664;12.432130197994413;12.338099954999052;12.097137301992916;;12.290708369997446;;;;;;;;;;;;0.1842470659976243;0.1952717259991914;0.1955396699995617;0.1172076359944185;0.0745402470056433;;0.1911425379948923;;;;;;;;;;;34209.0;474.0;568.0
17;17;018_fcafe1a8.jpg;imagens/Celebrity Faces Dataset/Angelina Jolie/018_fcafe1a8.jpg;;0.3483664619998308;0.3692043209957774;0.3281148850001045;0.196749937000277;0.1186570770005346;;0.3235099640005501;;;0.3110938030004035;0.3050700489984592;0.2598388979968149;0.1676143580043572;0.0860159079966251;;0.2810325440004817;;;;;;;;;;;;1.5953190170039306;2.0870051809979486;2.0673125050016097;1.503557443000318;1.626973160993657;;1.5670355859983829;;;10.717520906000573;11.439542421001534;10.308800820996112;10.173737755998443;10.342559295000685;;10.489930008996453;;;;;;;;;;;;0.2045843779997085;0.2053428119979798;0.1740885710023576;0.0973207779970835;0.0657449079953949;;0.1794179519929457;;;;;;;;;;;22688.0;474.0;474.0
18;18;019_57ab290d.jpg;imagens/Celebrity Faces Dataset/Angelina Jolie/019_57ab290d.jpg;;0.3659950649962411;0.4010263019954436;0.3135485340026207;0.1983371440001065;0.1276723460032371;;0.3688983969987021;;;0.3345212709973566;0.3047292749979533;0.2488946909943479;0.1490754830010701;0.084072293000645;;0.2866121379993274;;;;;;;;;;;;1.7814452000020538;2.603367388001061;1.488145140996494;1.5455943389970344;1.4829177479987266;;1.6050200359968585;;;13.756660703002126;12.38585976500326;12.295027207001112;13.169121327999164;12.009746758005347;;12.373820304994297;;;;;;;;;;;;0.207897355001478;0.2073521880010957;0.2106719610019354;0.1196463460000814;0.0596243390027666;;0.1877210539969382;;;;;;;;;;;39011.0;474.0;569.0
19;19;020_4c4b655f.jpg;imagens/Celebrity Faces Dataset/Angelina Jolie/020_4c4b655f.jpg;;0.3991923220019089;0.3758499169998686;0.3445222680020379;0.2331477629995788;0.1651757170038763;;0.362948875001166;;;0.3406282309952075;0.2870020420014043;0.2910501030055457;0.1524969829988549;0.0955886510055279;;0.2797735639978782;;;;;;;;;;;;2.1024226880035712;1.6415011229983063;1.7338188979992992;1.4683431919984289;1.9980027089986836;;1.5464309449962457;;;12.697851359000197;12.563154225004835;13.04241281299619;12.211635715997543;12.23810573299852;;12.165243868999823;;;;;;;;;;;;0.2213106999988667;0.1932602749948273;0.1864560440008063;0.090940349997254;0.0718302340028458;;0.1837343360020895;;;;;;;;;;;45234.0;474.0;568.0
20;20;021_6e419870.jpg;imagens/Celebrity Faces Dataset/Angelina Jolie/021_6e419870.jpg;;0.3727317939992645;0.3611601759985205;0.3272600269992836;0.1903024190032738;0.1217788810026831;;0.3691762320013367;;;0.3061040960019454;0.3184360800005379;0.2537262280020513;0.1460641939993365;0.0918813780008349;;0.293710772995837;;;;;;;;;;;;1.9078447189967849;1.44572076699842;1.4966087490029167;1.3845288730008178;1.7127635669967276;;1.918542929997784;;;12.628883910998413;13.459949030002464;12.961810922002767;12.154299851004907;12.258110665003189;;13.184239504000288;;;;;;;;;;;;0.1952305509985308;0.1846953220010618;0.1764510330031043;0.0844375760061666;0.0507802969950716;;0.1910138000021106;;;;;;;;;;;27025.0;474.0;574.0
21;21;022_b497b92e.jpg;imagens/Celebrity Faces Dataset/Angelina Jolie/022_b497b92e.jpg;;0.3560046010024962;0.3694344389950856;0.3547906870007864;0.2095208929968066;0.1289686500022071;;0.3523762979966705;;;0.3247743579995585;0.3273411680056597;0.2533168620066135;0.1797054929993464;0.1065957009996054;;0.3169234899978619;;;;;;;;;;;;1.723880032004672;1.461348992997955;1.459511275003024;1.3283405649999622;1.7061105519969717;;1.8131268859942795;;;11.834587980003562;11.933595353999408;12.012282709998544;10.983667286003763;10.888167920995327;;10.935382982999728;;;;;;;;;;;;0.2009714509986224;0.195798544002173;0.2036949239991372;0.1097954029974062;0.0494869429967366;;0.1994761199966888;;;;;;;;;;;32531.0;474.0;511.0
22;22;023_7781dd1c.jpg;imagens/Celebrity Faces Dataset/Angelina Jolie/023_7781dd1c.jpg;;0.334647749994474;0.3741838569985702;0.3408536239949171;0.1905129549995763;0.1338418770028511;;0.3401154540042626;;;0.2915608379989862;0.3073217240016674;0.4075718050007708;0.1727268399990862;0.1146096290030982;;0.3105762300037895;;;;;;;;;;;;1.722511043997656;1.4438814180030022;1.9197136250004403;1.5497112929951982;1.681833755996195;;2.217301042001054;;;13.25350593800249;12.478499874996489;12.209626442003357;12.037109205994057;12.2208084360027;;12.402504696001415;;;;;;;;;;;;0.204997140004707;0.1814347920008003;0.2010055870050564;0.1184996610027155;0.060579705001146;;0.1933109800011152;;;;;;;;;;;37735.0;474.0;568.0
23;23;024_ca32be97.jpg;imagens/Celebrity Faces Dataset/Angelina Jolie/024_ca32be97.jpg;;0.2593722390010953;0.2772729839998646;0.2588577190035721;0.129325534995587;0.0561223859986057;;0.2818893730000127;;;0.3171994049989735;0.2872646149990032;0.291859247998218;0.1712275529935141;0.0807681770020281;;0.2737381679980899;;;;;;;;;;;;1.4541426699943258;1.3505332010026905;1.177426385002036;1.0375493860046845;0.9842725300040912;;1.1722430599984364;;;10.591159618001257;10.557525099000486;11.184842900998774;10.741743761005637;10.085532757002513;;10.470126389998768;;;;;;;;;;;;0.1774718880042201;0.1628667609984404;0.162419519998366;0.0992803230037679;0.0435698680012137;;0.1670395500041195;;;;;;;;;;;5173.0;160.0;160.0
24;24;025_41cee764.jpg;imagens/Celebrity Faces Dataset/Angelina Jolie/025_41cee764.jpg;;0.4049546030000783;0.3527313259983202;0.359026822996384;0.2464604409979074;0.1270982599962735;;0.3593820410023909;;;0.4889348159995279;0.2973999729947536;0.2770828550055739;0.1863491210024221;0.1061610269971424;;0.3584787079962552;;;;;;;;;;;;1.7082740400001055;2.191015530996083;2.2668972050014418;1.44924895499571;1.516813653994177;;2.4665384110048763;;;13.038723256002411;13.28425323299598;12.626195269003802;12.657112865003;13.299348792999808;;12.59032921299513;;;;;;;;;;;;0.1915077419980662;0.175938334003149;0.178994836001948;0.1036821430025156;0.0549601730017457;;0.1957126620036433;;;;;;;;;;;35507.0;474.0;586.0
25;25;026_2828fcaf.jpg;imagens/Celebrity Faces Dataset/Angelina Jolie/026_2828fcaf.jpg;;0.3702102989991545;0.4319807930005481;0.3009150409998256;0.2109568129963008;0.137032034996082;;0.340319590002764;;;0.4193330389971379;0.3277660280000418;0.2577627549981116;0.1785978069965494;0.1071312459971522;;0.2917329470001277;;;;;;;;;;;;1.863172951998422;1.729308043999481;1.5410387349984376;1.4502628089976497;1.3626557359966682;;1.99046460599493;;;12.555274012993324;12.312555363001591;12.286134257999947;12.484977202002485;12.78863665300014;;12.426148120997825;;;;;;;;;;;;0.2024118570043356;0.1962701229931553;0.1755068589991424;0.1090775720003875;0.0613613000023178;;0.1796950599964475;;;;;;;;;;;28972.0;474.0;568.0
26;26;027_58887f30.jpg;imagens/Celebrity Faces Dataset/Angelina Jolie/027_58887f30.jpg;;0.3787348810001276;0.3912646410026354;0.3066056030002073;0.2116096589961671;0.1362863109970931;;0.3322293099990929;;;0.3273661959974561;0.3032724200020311;0.3011705240060109;0.1969054709988995;0.1607670489975134;;0.3758541720017092;;;;;;;;;;;;1.5499422580032842;1.6436699530022452;1.4046624440015876;1.4391969130010691;1.5117507530012515;;2.3100560669990955;;;12.617475835002551;12.28881143300532;12.95803229000012;13.703650064002431;12.09168597000098;;12.23946172399883;;;;;;;;;;;;0.2024269090034067;0.2113708260003477;0.2108319949984434;0.1252843900001607;0.076199811999686;;0.2086211939968052;;;;;;;;;;;32453.0;474.0;569.0
27;27;028_6a0ff8de.jpg;imagens/Celebrity Faces Dataset/Angelina Jolie/028_6a0ff8de.jpg;;0.3461884729986195;0.3691633589987759;0.325734106998425;0.2401778310013469;0.1289442760025849;;0.3511663250028505;;;0.321232863003388;0.334229066997068;0.2492252379961428;0.1893438850020175;0.1636166910029715;;0.3204862269994919;;;;;;;;;;;;2.2099339330015937;1.4637982040003408;1.4432669689995237;1.4054258079995634;1.375282586996036;;1.5454634640045697;;;11.188997668999946;10.663607409995166;10.424922438003705;10.428624434003725;10.89622559399868;;10.6037014609974;;;;;;;;;;;;0.239505884994287;0.2043981850001728;0.1827644369986956;0.1081761949972133;0.069119347994274;;0.1950214079988654;;;;;;;;;;;40914.0;474.0;474.0
28;28;029_f2882b0d.jpg;imagens/Celebrity Faces Dataset/Angelina Jolie/029_f2882b0d.jpg;;0.2830283270013751;0.2918288860018947;0.2373449679944315;0.1287833000023965;0.0700967329976265;;0.2740481340006226;;;0.2943781610010774;0.259568579000188;0.2354683300000033;0.1875401900033466;0.0988324780046241;;0.4043527719986741;;;;;;;;;;;;1.43470609299402;1.1589480850016116;1.5174326699998346;1.0329625359954662;0.9322082979997504;;1.5070418319955934;;;13.801722260999668;13.753741346001334;13.205062551998708;12.695274313999109;13.874009762999776;;12.841428154999448;;;;;;;;;;;;0.2169946740032173;0.1996186989999842;0.1805537889958941;0.0940923110028961;0.0506095349992392;;0.1681173280012444;;;;;;;;;;;4777.0;160.0;199.0
29;29;030_66bddeb6.jpg;imagens/Celebrity Faces Dataset/Angelina Jolie/030_66bddeb6.jpg;;0.5583169239980634;0.6906163659950835;0.4956491319971974;0.3322817860025679;0.1776271050039213;;0.6415974419942359;;;0.3150872550031636;0.2961345570001867;0.2742020259975106;0.1585981039970647;0.0947907029985799;;0.3718939129976206;;;;;;;;;;;;2.373639123994508;2.283438203005062;1.8606401889992408;1.623614682997868;1.4387860839997302;;2.0498412160013686;;;11.558366695004224;11.34773751800094;11.09956429599697;10.944884638993244;10.808343779994177;;11.062485515001754;;;;;;;;;;;;0.1968315650010481;0.1889867029967717;0.1937305300016305;0.0833030549983959;0.0628371170023456;;0.1860044740024022;;;;;;;;;;;23853.0;474.0;448.0
30;30;031_2364f4d8.jpg;imagens/Celebrity Faces Dataset/Angelina Jolie/031_2364f4d8.jpg;;0.2661547009993228;0.2929813470036606;0.2520490919996518;0.1569042060000356;0.0873756330038304;;0.2758446000007097;;;0.2927096960047493;0.2713634050014661;0.3309703979975893;0.1475366340018808;0.0778104630007874;;0.3494806230009999;;;;;;;;;;;;1.4328284069997608;1.0883360320003703;1.1738409079989651;1.0306984549970366;0.9248665949999122;;1.045055612004944;;;12.428082705002453;12.293151641002623;12.277951923999352;12.13820759599912;12.218428150001271;;12.804969046002952;;;;;;;;;;;;0.1797881050006253;0.2025499469964415;0.1716501830014749;0.090849888001685;0.0445001219995901;;0.1775231849969714;;;;;;;;;;;6022.0;160.0;192.0
31;31;032_db66bd61.jpg;imagens/Celebrity Faces Dataset/Angelina Jolie/032_db66bd61.jpg;;0.3952543749983306;0.413250268997217;0.3476340029956191;0.2534078710014;0.1629728499974589;;0.3613201080006547;;;0.3531554419969325;0.3257896739960415;0.2708927959974971;0.1625836120001622;0.146831468999153;;0.3159105049999198;;;;;;;;;;;;1.823121337001794;2.141926352996961;1.6373847789946012;1.4834264689998236;1.5955984390020603;;1.671588940997026;;;12.540034434001427;12.268194948999737;13.138100075004331;12.28805718899821;12.040518605994292;;13.040223673997389;;;;;;;;;;;;0.177706025999214;0.2171834359978675;0.2086979650048306;0.1047011810005642;0.0670262060011737;;0.2141454590018838;;;;;;;;;;;32932.0;474.0;567.0
32;32;033_23e68208.jpg;imagens/Celebrity Faces Dataset/Angelina Jolie/033_23e68208.jpg;;0.3584615020008641;0.4059798050002428;0.3825181290012551;0.2388948730003903;0.2260503619982046;;0.3718103310020524;;;0.336084688999108;0.3294504809964564;0.3936233420026838;0.1860667720029596;0.1426347540036658;;0.3179227619984885;;;;;;;;;;;;1.786515830004646;1.82519012800185;1.7123324240019429;1.429663765004079;1.3938720439982717;;1.681564332000562;;;13.60554530400259;12.77984416399704;12.439608123000651;13.703547744000389;12.555142574005004;;12.630672491999576;;;;;;;;;;;;0.2139076460007345;0.2038193089974811;0.2007401860028039;0.1017268680006964;0.0666641220013843;;0.2163325040019117;;;;;;;;;;;29799.0;474.0;582.0
33;33;034_418fbbdb.jpg;imagens/Celebrity Faces Dataset/Angelina Jolie/034_418fbbdb.jpg;;0.3243674989935243;0.434515693996218;0.3018220590020064;0.232575355003064;0.1340039679998881;;0.3390092739937245;;;0.3262244629950146;0.3213802899990696;0.3768469040005584;0.1636867150009493;0.1309294149978086;;0.3896030070027336;;;;;;;;;;;;2.125893967000593;1.6927816700044789;2.121427327001584;1.4605867350037445;1.5340053670006455;;2.1290539789988543;;;10.923786384002597;11.029683343003851;10.546710891001569;10.31546360500215;10.183314918998803;;10.547350436005216;;;;;;;;;;;;0.208207814997877;0.2198290169981192;0.1843687439977657;0.1027263970026979;0.0618056220046128;;0.1855379710032139;;;;;;;;;;;21367.0;474.0;474.0
34;34;035_2e497561.jpg;imagens/Celebrity Faces Dataset/Angelina Jolie/035_2e497561.jpg;;0.3656991440002457;0.3747957860032329;0.3273885359958512;0.2298143870066269;0.1547101320029469;;0.3590737659978913;;;0.3116445429986925;0.3324494460030109;0.267177805006213;0.1557105610045255;0.1171115670003928;;0.3277681379986461;;;;;;;;;;;;1.9671804449972117;1.9233540569985053;2.597421531994769;1.727559477003524;1.840091546997428;;2.755873984999198;;;13.30979240799934;13.8202916109949;12.76684187399951;13.119515751997824;12.6367292740033;;12.680458475995692;;;;;;;;;;;;0.1869516810038476;0.208228595998662;0.1626375249979901;0.1140988879997166;0.0691429030048311;;0.1950105300056748;;;;;;;;;;;31963.0;474.0;589.0
35;35;036_3e807a88.jpg;imagens/Celebrity Faces Dataset/Angelina Jolie/036_3e807a88.jpg;;0.5646204490039963;0.6972869349992834;0.5125733140012017;0.3474939200023073;0.1591253769947798;;0.6029420120030409;;;0.3450992969956132;0.303387701002066;0.334574150001572;0.1555998510011704;0.1126608010017662;;0.2861686260002898;;;;;;;;;;;;1.7157586769972113;1.9802522739992128;2.256710469999234;1.4728414030032582;1.8937721740003328;;1.907391323999036;;;12.818494712002575;13.77276675900066;12.678466186996957;12.564573290001135;12.5995091290024;;12.82292545299424;;;;;;;;;;;;0.1870257330010645;0.2230789419991197;0.2012479459954193;0.1148359720027656;0.0644642709958134;;0.2229266200010897;;;;;;;;;;;34483.0;474.0;587.0
36;36;037_62d00a09.jpg;imagens/Celebrity Faces Dataset/Angelina Jolie/037_62d00a09.jpg;;0.3566419390044757;0.4055481899995357;0.3385097070058691;0.208711728999333;0.1621667690051254;;0.3560441800000262;;;0.3071972510006162;0.2981370360066648;0.2723761390006984;0.1723653389999526;0.1075722109962953;;0.3032219649976468;;;;;;;;;;;;1.4749507899978198;1.725946186998044;2.0248082210018765;1.5185437909967732;2.00002056700032;;1.9605951409976117;;;10.741699402002268;10.482337888002805;10.421708355999726;10.440351067998565;10.791704196002684;;10.298151959003008;;;;;;;;;;;;0.1933061189993168;0.2142068660032237;0.2075525740001467;0.0939011459995526;0.0464196000029915;;0.1968361929975799;;;;;;;;;;;37025.0;474.0;474.0
37;37;038_e40d5b16.jpg;imagens/Celebrity Faces Dataset/Angelina Jolie/038_e40d5b16.jpg;;0.368946116999723;0.3708105139958206;0.2819561809956212;0.2830601660025422;0.1145410090030054;;0.3239627319999272;;;0.2916558890065062;0.3004302179979277;0.2512931320015923;0.1697441569995135;0.1132818499972927;;0.345657088997541;;;;;;;;;;;;1.3997382359957555;1.5900236570014386;1.557099094003206;1.5249770689988509;1.7472056260012323;;1.6251451770003769;;;10.692073755999443;10.523568485004944;10.70603987800132;10.414689083001576;10.18483734500478;;11.562379096001678;;;;;;;;;;;;0.1744742819937528;0.2085887890061712;0.2097430939975311;0.1090925690004951;0.0416478650004137;;0.1928678850017604;;;;;;;;;;;25614.0;474.0;474.0
38;38;039_6b10ab98.jpg;imagens/Celebrity Faces Dataset/Angelina Jolie/039_6b10ab98.jpg;;0.328580936002254;0.3678370640045614;0.3466934249954647;0.2126877599948784;0.1276120870024897;;0.36328830900311;;;0.3162892170003033;0.2921141069964506;0.3691749699937645;0.1610280539971427;0.1096905320009682;;0.276328829000704;;;;;;;;;;;;1.4191540729952976;1.4985094889998436;1.5781669999996666;1.3884137780041783;1.927510989997245;;1.5024837180026225;;;11.753924687000108;10.666131047000816;10.811315064005612;10.84175066500029;10.50727033700241;;11.94969123199553;;;;;;;;;;;;0.2004367480039945;0.1992100219940766;0.1784943579987157;0.1057040379964746;0.0496791979967383;;0.2009924369995133;;;;;;;;;;;24184.0;474.0;495.0
39;39;040_2ef814c7.jpg;imagens/Celebrity Faces Dataset/Angelina Jolie/040_2ef814c7.jpg;;0.2590838160031126;0.3097410919945105;0.2433239240053808;0.1445851390017196;0.0705883999980869;;0.2810201190004591;;;0.2864612379999016;0.2949496910005109;0.2408867120029754;0.1366243699958431;0.076939933001995;;0.2575849350032513;;;;;;;;;;;;0.9901644919955288;1.3921887280012015;1.185388001998945;1.0755711320016417;1.1130326290003725;;1.091278780993889;;;11.374349796002209;10.739885791001145;11.031010410995805;10.64245301399933;11.642695082999126;;10.477186381001957;;;;;;;;;;;;0.1809688110006391;0.1907060570010799;0.1620142319952719;0.0855973709985846;0.033269644001848;;0.1816501469947979;;;;;;;;;;;5087.0;160.0;165.0
40;40;041_abf5c9cb.jpg;imagens/Celebrity Faces Dataset/Angelina Jolie/041_abf5c9cb.jpg;;0.329728853997949;0.3580657959973905;0.2990321350007434;0.1706937819981249;0.1195382919977419;;0.3382156350053265;;;0.2803292600001441;0.2904988309965119;0.3541147200012347;0.1620696140016662;0.1083343060017796;;0.2829903540041414;;;;;;;;;;;;1.3696686059993226;1.595858865999617;1.7072888699985924;1.5094468409952242;1.7360214439977426;;2.052078946995607;;;11.661751520994583;11.69560384900251;11.458062288002113;11.359388595999915;11.526863111997956;;12.593509612997876;;;;;;;;;;;;0.1889972720018704;0.2207621369961998;0.1880385129989008;0.0882159230022807;0.059605629001453;;0.1829710610036272;;;;;;;;;;;19828.0;474.0;530.0
41;41;042_2ccd070f.jpg;imagens/Celebrity Faces Dataset/Angelina Jolie/042_2ccd070f.jpg;;0.3976490150016616;0.4125474859974929;0.3198290479995194;0.2450517609977396;0.1680339960003039;;0.4827398650013492;;;0.3124304000011761;0.3348479799969936;0.249368972996308;0.1734811930000432;0.1287931089973426;;0.3581421299968497;;;;;;;;;;;;1.591015415993752;1.492591773996537;1.7113622929973644;1.482705491995148;1.8350104720011584;;1.8624988829978972;;;14.35442116199556;13.122619387999292;12.95170863599924;12.931729768999505;12.538538378001247;;20.67308452800353;;;;;;;;;;;;0.2087409590021707;0.2099825340046663;0.2053580619976855;0.1072112699985154;0.0692927179989055;;0.1792112139955861;;;;;;;;;;;67523.0;474.0;592.0
42;42;043_b812749f.jpg;imagens/Celebrity Faces Dataset/Angelina Jolie/043_b812749f.jpg;;0.6443488869990688;0.7525264889991377;0.560581325997191;0.3545710629987297;0.182791952000116;;0.6464737529968261;;;0.316300908998528;0.3327668450001511;0.3644970189998275;0.1459585430056904;0.1201308669988066;;0.3670977350047906;;;;;;;;;;;;1.6269827029973385;1.667593106998538;1.6649562749953477;1.3211361990033763;1.6387417309961163;;2.0645462210013648;;;11.888240411004515;11.523261523994734;11.35616655299964;11.298762518999864;12.358607445996311;;11.80203066499962;;;;;;;;;;;;0.1858718289950047;0.2006113690003985;0.2000566569986404;0.1078797680020215;0.0594215669989353;;0.1830777790019055;;;;;;;;;;;43765.0;474.0;528.0
43;43;044_512dfd33.jpg;imagens/Celebrity Faces Dataset/Angelina Jolie/044_512dfd33.jpg;;0.3676185370059102;0.3913330520008458;0.4023798839989467;0.192318036002689;0.1336506899970118;;0.3521346310008084;;;0.3791572250047466;0.3095971419970738;0.285459095997794;0.1575562930011074;0.0869971209976938;;0.3442020030051935;;;;;;;;;;;;1.727209035998385;1.750066817003244;1.9740932599961525;1.3087498219974805;1.5057906610018108;;1.8180614269949729;;;12.440016617001676;13.136418682996007;12.53695574500307;12.081820879997396;11.9974415329998;;12.094941479001136;;;;;;;;;;;;0.1936266420016181;0.1976949719974072;0.1921440130026894;0.1249639290035702;0.0521519129979424;;0.1835221539949998;;;;;;;;;;;34394.0;474.0;563.0
44;44;045_c560251e.jpg;imagens/Celebrity Faces Dataset/Angelina Jolie/045_c560251e.jpg;;0.3364099339960376;0.3395473450000281;0.3157960230018943;0.1682688840010087;0.102543622997473;;0.377960741003335;;;0.3378456650025327;0.2998632230010116;0.2974872250051703;0.1469083039992256;0.0941079909971449;;0.3453912229961133;;;;;;;;;;;;1.6580223089986248;1.6246927410029457;1.9759175580038573;1.386004630003299;1.510789431995363;;1.4403252939955564;;;10.88859660700109;10.478956605002168;11.498261819004256;10.37451924400375;10.221508722002907;;10.436359073995844;;;;;;;;;;;;0.2047725800002808;0.2023823340059607;0.2142204340052558;0.1061259249981958;0.0694806100000278;;0.1840620060029323;;;;;;;;;;;23823.0;474.0;474.0
45;45;046_d93a2c2d.jpg;imagens/Celebrity Faces Dataset/Angelina Jolie/046_d93a2c2d.jpg;;0.34796197200194;0.3711033400031738;0.2991252350038849;0.1835347310043289;0.1407419399984064;;0.3601364640053361;;;0.4318019219936104;0.3734633420026512;0.3473795620011515;0.1575785300010466;0.1238238139994791;;0.2990061890013749;;;;;;;;;;;;1.6937670139959664;1.796097751997877;1.6451917689992115;1.3997549990017433;1.4371871260009357;;1.4653945440004463;;;12.932656498000142;13.325673535000533;14.104684931997326;13.883631108998088;12.724522196003818;;12.803633340998203;;;;;;;;;;;;0.2049147020006785;0.2107279830015613;0.1854438100053812;0.112826707001659;0.0681503390005673;;0.205442057995242;;;;;;;;;;;16603.0;474.0;589.0
46;46;047_5350c8c0.jpg;imagens/Celebrity Faces Dataset/Angelina Jolie/047_5350c8c0.jpg;;0.4523250269994605;0.3653735329935443;0.3130528930050786;0.1748906339998939;0.1286112730012973;;0.3598036059993319;;;0.3668949080019956;0.3118244860015693;0.3064765380040626;0.1479765999974915;0.1085618930010241;;0.2963003129989374;;;;;;;;;;;;1.9686071390024156;1.8433843899983915;2.023170319997007;1.4102194759980191;1.5416682610011776;;1.5700878310017288;;;11.301992584994878;10.328782987999148;10.934308584000972;10.77170480699715;11.208940219003123;;10.256471813001554;;;;;;;;;;;;0.201570076002099;0.2221644759993069;0.2144986420025816;0.119755924999481;0.0629287930059945;;0.1993874899999355;;;;;;;;;;;26734.0;474.0;476.0
47;47;048_0a32a483.jpg;imagens/Celebrity Faces Dataset/Angelina Jolie/048_0a32a483.jpg;;0.453505766003218;0.3870362079978804;0.3139677049985039;0.2014528040017467;0.1565345790004357;;0.4658208159962669;;;0.3296384080022108;0.2976513929970679;0.2433084189979126;0.2142830709999543;0.0998396659997524;;0.2827297969997744;;;;;;;;;;;;1.6969873329944676;1.6081723969982704;1.9451533070023288;1.39116167499742;1.555620657003601;;1.566104607998568;;;13.019111453999358;12.875623711996012;13.348261438004556;12.767255627004488;12.761919317003048;;12.87011707900092;;;;;;;;;;;;0.1991949060029583;0.2244605349987978;0.1980682029970921;0.1053044000000227;0.0425440479957615;;0.1991391179981292;;;;;;;;;;;35119.0;474.0;591.0
48;48;049_4d6df392.jpg;imagens/Celebrity Faces Dataset/Angelina Jolie/049_4d6df392.jpg;;0.3975210119970143;0.4026505299989367;0.2995473139962996;0.1774573650036472;0.1315602449976722;;0.4289904929974;;;0.4137224669975694;0.2831130999984452;0.3061785710015101;0.2126023720047669;0.0885563269985141;;0.2607549590029521;;;;;;;;;;;;1.7288450829946669;2.2171981900028186;1.7693954590067733;1.5177491380018182;1.6113973240062478;;2.3048874989981414;;;10.659868399001423;10.290166184000554;10.427075562998652;10.208101913995051;10.902878083004907;;10.900846290001937;;;;;;;;;;;;0.2155888359993696;0.2271337199999834;0.1918683830008376;0.117254099001002;0.0529642010005773;;0.1837892260009539;;;;;;;;;;;38204.0;474.0;474.0
49;49;050_7c5b026c.jpg;imagens/Celebrity Faces Dataset/Angelina Jolie/050_7c5b026c.jpg;;0.4495792669986258;0.3984559790042112;0.3293786529975477;0.2194698500024969;0.1730032359992037;;0.4138735809974605;;;0.3289266510037123;0.3181687589967623;0.2663832159960293;0.2074266790004912;0.1379591660006554;;0.3029428910012939;;;;;;;;;;;;1.7352642699988792;1.5241359989959165;1.6138268729991978;1.4267013770004269;1.6379533729996183;;1.4951011709999875;;;13.23343522399955;14.253018164999958;12.910348090998014;13.506658361002335;12.622255148002296;;12.906852908003202;;;;;;;;;;;;0.2082954979996429;0.2371265809997567;0.1931833120033843;0.1213580490002641;0.0717549490000237;;0.2119360599972424;;;;;;;;;;;37843.0;474.0;592.0
50;50;051_268fdfd7.jpg;imagens/Celebrity Faces Dataset/Angelina Jolie/051_268fdfd7.jpg;;0.4530009719965164;0.4022932259977096;0.3533870829996886;0.2053381170044304;0.1625531210011104;;0.4744703289979952;;;0.4697654399933526;0.3284403439974994;0.5073349770027562;0.2419194930043886;0.1417931049945764;;0.3326793369997176;;;;;;;;;;;;1.7240458509986638;1.8937016120034968;1.7878783039996051;1.542414983996423;1.744490388999111;;1.956727612996474;;;11.827651589999732;11.85303567599476;12.476844074000836;11.578959958998894;12.572792970997398;;12.66275894199498;;;;;;;;;;;;0.195829798001796;0.2097653149976395;0.1908580169983906;0.103575187997194;0.0603252020009676;;0.1842115969993756;;;;;;;;;;;39456.0;474.0;544.0
51;51;052_6db5f5bf.jpg;imagens/Celebrity Faces Dataset/Angelina Jolie/052_6db5f5bf.jpg;;0.4034467870005755;0.3882563710067188;0.3172524519977742;0.2043633789944579;0.1547829830014961;;0.5835390200008987;;;0.3612429450004129;0.303781702001288;0.3829943710006773;0.186725376996037;0.104180157999508;;0.2913544900002307;;;;;;;;;;;;1.7997912599967094;1.9303097180018085;1.8323708999960215;1.5204028880034457;1.6386947600040005;;2.052774315998249;;;13.699974600000132;12.47409128000436;12.63895845299703;12.592005542006518;12.665000911998504;;12.45316712299973;;;;;;;;;;;;0.1992744570015929;0.2324148640036583;0.1925262669974472;0.1082850399980088;0.0609029539991752;;0.188077360005991;;;;;;;;;;;36932.0;474.0;580.0
52;52;053_05c78fa1.jpg;imagens/Celebrity Faces Dataset/Angelina Jolie/053_05c78fa1.jpg;;0.3816014449985232;0.3936369750008452;0.3215715439946507;0.1995224170022993;0.1569470800022827;;0.3845753819987294;;;0.5039585960039403;0.2860642110026674;0.3065256959962426;0.24080798200157;0.1096137839995208;;0.2830958199992892;;;;;;;;;;;;1.8106332330062287;1.524640826995892;1.718895526995766;1.357705098002043;1.9099288979996345;;1.5211663369991584;;;10.556890823994763;10.512923059999594;10.339785436000966;10.336753263996798;10.616331370001715;;10.436185091995869;;;;;;;;;;;;0.1986369070000364;0.2275916579965269;0.190235419999226;0.1108655699936207;0.0651134799991268;;0.200654749001842;;;;;;;;;;;39966.0;474.0;474.0
53;53;054_7ba62f81.jpg;imagens/Celebrity Faces Dataset/Angelina Jolie/054_7ba62f81.jpg;;0.4077190840034745;0.4373681630022474;0.3171750039982726;0.2201339099992765;0.1428362919978099;;0.3978066999989096;;;0.4855099970009178;0.303853370998695;0.3205676669967943;0.1645427420007763;0.1087747240017051;;0.3424732019993826;;;;;;;;;;;;1.488543822997599;1.5321693400037475;1.495131832001789;1.49958422799682;1.807884556998033;;1.511240847001318;;;10.759729607001644;10.347143838000193;10.890542270004516;10.248475035994488;10.253330804000145;;10.430118103002314;;;;;;;;;;;;0.2221994249994168;0.2147850669934996;0.2013620910001918;0.1323107220014208;0.0695170519975363;;0.2131801849973271;;;;;;;;;;;36734.0;474.0;474.0
54;54;055_aaaf063c.jpg;imagens/Celebrity Faces Dataset/Angelina Jolie/055_aaaf063c.jpg;;0.317689616997086;0.3775721120036905;0.2347416859993245;0.1118413959993631;0.0559240439979475;;0.3015459640009794;;;0.4222846760021639;0.2774785319998045;0.2659225280003738;0.1538749539977288;0.1529898150038207;;0.291309115003969;;;;;;;;;;;;1.1452595540031325;1.0904109660041286;1.1292773930035764;1.0398527659999672;1.1839999129952048;;1.1159968489955645;;;12.897637162001049;12.514505637002005;12.48542087199894;13.28667557099834;12.439170666999416;;13.130940025999736;;;;;;;;;;;;0.1888130340012139;0.1986349969956791;0.1742316839954583;0.093316707003396;0.0447758119989885;;0.170096329995431;;;;;;;;;;;5798.0;160.0;195.0
55;55;056_97412d14.jpg;imagens/Celebrity Faces Dataset/Angelina Jolie/056_97412d14.jpg;;0.3664428029951523;0.3687806669986457;0.3043353210014174;0.1681614820045069;0.140021227998659;;0.3531797820032807;;;0.4415309000032721;0.2881380669932696;0.2931836409989046;0.1313876270069158;0.0818359350014361;;0.2601713359981659;;;;;;;;;;;;1.5025046290029422;1.8903529189992696;1.5939209919961286;1.5660091580066364;1.962226561001444;;2.184416725001938;;;12.95691745300428;13.796893059996364;14.168126910000865;12.625096186995506;13.514367057003255;;12.96277438600373;;;;;;;;;;;;0.2029762309975922;0.204614230999141;0.1888288459958857;0.1189831619994947;0.050759271995048;;0.1818197750035324;;;;;;;;;;;27561.0;474.0;592.0
56;56;057_7f34f0f4.jpg;imagens/Celebrity Faces Dataset/Angelina Jolie/057_7f34f0f4.jpg;;0.358481331000803;0.371032348004519;0.3069615320055163;0.1913989620006759;0.127785553006106;;0.3464337269979296;;;0.3447420339944074;0.3097480529977474;0.3136209139993298;0.1282039139987318;0.0783561369971721;;0.3333337560034124;;;;;;;;;;;;1.7432840879992;1.6463724149944028;1.575611962005496;1.4161699489995954;2.5332007969991537;;1.7479197060019942;;;12.602608724002494;12.284902598999906;12.43315662000532;12.28481273100624;12.053690911998274;;12.182355074000952;;;;;;;;;;;;0.1883521330018993;0.2119885530046303;0.1764628819946665;0.0952436150037101;0.0562235969991888;;0.1999902429961366;;;;;;;;;;;27926.0;474.0;568.0
57;57;058_02860eff.jpg;imagens/Celebrity Faces Dataset/Angelina Jolie/058_02860eff.jpg;;0.4128471049989457;0.4113943499978632;0.3508697870056494;0.2176455009976052;0.1853186110020033;;0.3765905449981801;;;0.333581865997985;0.3022832700007711;0.304555884002184;0.1772605639998801;0.1051137819958967;;0.3243826129983063;;;;;;;;;;;;1.603271168001811;1.8838196299984704;1.5060066690057283;1.4215099540015217;2.497319709000294;;2.417225484001392;;;14.406379066000229;13.962797493994003;12.705490744003328;12.72817470299924;13.56715129299846;;13.361294718000863;;;;;;;;;;;;0.2037074409963679;0.1910320519964443;0.1973161389978486;0.0955411969989654;0.0733368629953474;;0.2004453909976291;;;;;;;;;;;38214.0;474.0;591.0
58;58;059_df425619.jpg;imagens/Celebrity Faces Dataset/Angelina Jolie/059_df425619.jpg;;0.375643327999569;0.3722658269980456;0.3092621940013487;0.1896829050019732;0.1326801429968327;;0.3883819210022921;;;0.3270189719987684;0.3008207040038542;0.2657878370009712;0.1682749390020035;0.0953521530027501;;0.285932637998485;;;;;;;;;;;;1.6512410329960403;1.6273924620036269;1.5336311309947632;1.5113125299976673;1.8689114389999304;;2.2185280630001216;;;11.810531686001925;10.254360669998276;10.41465094799787;10.215225300999007;10.262291795996134;;10.335554482000587;;;;;;;;;;;;0.1853880400012713;0.1828067440001177;0.2021273909995216;0.1039996299950871;0.05759323300299;;0.1951564339979086;;;;;;;;;;;26619.0;474.0;474.0
59;59;060_4037f0f7.jpg;imagens/Celebrity Faces Dataset/Angelina Jolie/060_4037f0f7.jpg;;0.3522682210023049;0.4984970660007093;0.2899012780035264;0.1533725769986631;0.0930038050064467;;0.3377356490018428;;;0.3215607439997257;0.2702108259982196;0.2827500439962023;0.1500830209988635;0.1399472919947584;;0.29925614700187;;;;;;;;;;;;1.3956121130031534;1.521158846000617;1.5022695060033584;1.4453787359962007;2.148438507996616;;1.582433597999625;;;11.603890865000722;11.952716776999296;11.147976088999712;11.118999729005736;11.46179402100097;;12.299550058996829;;;;;;;;;;;;0.187944867000624;0.203996044001542;0.1994902779988479;0.0908138440063339;0.0647804210020694;;0.1818288359936559;;;;;;;;;;;22811.0;474.0;513.0
60;60;061_e18ba2b0.jpg;imagens/Celebrity Faces Dataset/Angelina Jolie/061_e18ba2b0.jpg;;;;;;;;;;;0.3149813510026433;0.2658709850002196;0.3165681040045456;0.1385034839986474;0.0953239279988338;;0.2922117039997829;;;;;;;;;;;;1.515512123994995;1.514798376003455;1.518151399002818;1.489059924002504;1.4702511799987406;;1.7390183710012934;;;13.0892812029997;12.7176104579994;13.430381041005605;12.874716903999795;13.492889935994754;;12.832084357003623;;;;;;;;;;;;0.2180314520010142;0.205103627005883;0.2013208950011176;0.0979625979962293;0.0661913059957441;;0.2025729969973326;;;;;;;;;;;37270.0;474.0;588.0
61;61;062_6aa9cf8f.jpg;imagens/Celebrity Faces Dataset/Angelina Jolie/062_6aa9cf8f.jpg;;0.4087617099939962;0.4825876059985603;0.3198817919983412;0.1998468429956119;0.15095160400233;;0.3681033650063909;;;0.3178277610059012;0.2845888880037819;0.2870620879984926;0.1558556810050504;0.1014924480041372;;0.2838261529977899;;;;;;;;;;;;1.778638088995649;1.5634362819982923;1.614577232998272;1.5809681320024538;1.926481798000168;;1.8762113869961468;;;12.867809864001174;12.620775001996662;12.743015959000331;12.599296856002184;13.355589976003102;;12.580801824005905;;;;;;;;;;;;0.1988810929979081;0.1974040619970765;0.1738488569972105;0.109888477003551;0.0628359289985382;;0.1904124370048521;;;;;;;;;;;36345.0;474.0;583.0
62;62;063_c486d5ef.jpg;imagens/Celebrity Faces Dataset/Angelina Jolie/063_c486d5ef.jpg;;0.3770980900007998;0.5076782499963883;0.3063449969995417;0.2170418820023769;0.1485570440054289;;0.3269480810049572;;;0.370631598001637;0.3365211199998157;0.3104706730009638;0.1644554880040232;0.1288907509951968;;0.3278482330060797;;;;;;;;;;;;1.426919313002145;1.700510784001381;1.482078124994587;1.4602780599961989;1.944765590000316;;1.5241315710009076;;;12.857797543001652;12.900006202995428;12.596550367998134;12.697530613004346;12.662866452003072;;12.884052048997546;;;;;;;;;;;;0.2039629770006286;0.2163720009993994;0.1954543189931428;0.0911070639995159;0.0625287029979517;;0.1912165009998716;;;;;;;;;;;28266.0;474.0;588.0
63;63;064_0de68937.jpg;imagens/Celebrity Faces Dataset/Angelina Jolie/064_0de68937.jpg;;0.3560472910030512;0.3873435679997783;0.3056399229972157;0.2451569219992961;0.1261374059977242;;0.3286943359998986;;;0.3747091619952698;0.3406070430064574;0.2736017220013309;0.1819804840051802;0.1867887990010786;;0.3359120379973319;;;;;;;;;;;;1.3657603390020083;1.959082485002;1.5159456429973943;1.313537494999764;1.282188514000154;;1.434812523999426;;;10.758227263999288;10.27191481400223;10.48815395499696;10.23790626799746;10.26895294899441;;10.346841686005064;;;;;;;;;;;;0.202545703999931;0.2026516189944232;0.1866219869989436;0.0839269669959321;0.0746450199949322;;0.1813236540037905;;;;;;;;;;;28391.0;474.0;474.0
64;64;065_689150aa.jpg;imagens/Celebrity Faces Dataset/Angelina Jolie/065_689150aa.jpg;;0.4164530540001578;0.4004852560028666;0.3461559539937298;0.3277671219984768;0.1749351729959016;;0.3810650409941445;;;0.3209564000062528;0.302717101003509;0.318616695003584;0.2355247189989313;0.1083173450024332;;0.2806616849993588;;;;;;;;;;;;1.573196868004743;2.1013416269997838;1.5285121779961628;1.6045225029956782;1.2906246359998477;;1.5657592419956927;;;13.069329575002484;13.006752849003531;12.796912582001823;12.860791546998373;12.671338587999344;;12.873467213998085;;;;;;;;;;;;0.2111898160001146;0.1900318500047433;0.2025661139996373;0.09399236599711;0.0537354890038841;;0.1953135750009096;;;;;;;;;;;32499.0;474.0;591.0
65;65;066_b378479b.jpg;imagens/Celebrity Faces Dataset/Angelina Jolie/066_b378479b.jpg;;0.4495901990012498;0.378307251005026;0.3882002669997746;0.2446003719960572;0.1653893990005599;;0.3446362819959176;;;0.3449976289994083;0.3045083049946697;0.2917533530053333;0.1925207489985041;0.2188114970049355;;0.5124151880008867;;;;;;;;;;;;1.484935096996196;1.599981333994947;1.526692474995798;2.0779877599998144;1.654890288002207;;1.6082274799991865;;;13.051215851999586;12.76806678599678;12.798359596999944;12.668005251995057;12.733364022002206;;12.963034637003148;;;;;;;;;;;;0.1872591680003097;0.1995450710019213;0.2283029339960194;0.0960998100053984;0.0717908399965381;;0.1889101089982432;;;;;;;;;;;41343.0;474.0;591.0
66;66;067_ff52c2fe.jpg;imagens/Celebrity Faces Dataset/Angelina Jolie/067_ff52c2fe.jpg;;0.4116603520014905;0.3192739450023509;0.2771734760026447;0.2204522820029524;0.1098363769997377;;0.3249077820000821;;;0.3107498750032391;0.2750041459948988;0.2628988180003944;0.1495183250008267;0.1725218610008596;;0.409061443999235;;;;;;;;;;;;1.3773444469989045;1.4751244650033186;1.5581947320024483;1.924845839996124;1.8619313269955453;;4.440508018000401;;;12.72659219900379;12.470894612997654;12.539095701002225;12.473181237000972;12.755598107003609;;12.37778504799644;;;;;;;;;;;;0.2052269410050939;0.1940885610019904;0.204520899002091;0.116398117999779;0.0581957280010101;;0.1813290450008935;;;;;;;;;;;23749.0;474.0;575.0
67;67;068_2fb110d1.jpg;imagens/Celebrity Faces Dataset/Angelina Jolie/068_2fb110d1.jpg;;0.4044170050037792;0.4558632740008761;0.3154317110020201;0.2492733559993212;0.1526646869970136;;0.3535579300005338;;;0.3371851279953262;0.3046656759979669;0.2942179610035964;0.1819265020021703;0.1718222569979843;;0.4482037039997522;;;;;;;;;;;;1.496631226997124;1.5134141070011538;1.487263383998652;2.0702439340020646;1.6290661559978616;;5.33242563100066;;;10.47347298800014;10.596422545997484;10.965233253999031;11.477861758998188;10.73158731800504;;10.50493914099934;;;;;;;;;;;;0.2052290830033598;0.2034841150016291;0.1880148080017534;0.1135519320014282;0.0725669559978996;;0.2086482259983313;;;;;;;;;;;44350.0;474.0;474.0
68;68;069_9d0e44d5.jpg;imagens/Celebrity Faces Dataset/Angelina Jolie/069_9d0e44d5.jpg;;0.3525780759955523;0.4256947119938559;0.2800285960038309;0.2186330669937888;0.0982706169961602;;0.3271432769979583;;;0.3336438719998114;0.2881325420021312;0.2744147310004337;0.1653655720001552;0.1683000470002298;;0.3855563820034149;;;;;;;;;;;;1.5412250740046147;1.5597303850008757;1.4341108849985176;1.6492186120012775;1.7181866750033803;;5.016872931002581;;;13.471110329999648;13.58643846600171;12.730063807000988;12.543399351001426;12.478692433003744;;12.657475523999892;;;;;;;;;;;;0.208267848000105;0.1934103620005771;0.1853009959959308;0.1006613569988985;0.0665195730034611;;0.186035800994432;;;;;;;;;;;22355.0;474.0;587.0
69;69;070_1a4312d2.jpg;imagens/Celebrity Faces Dataset/Angelina Jolie/070_1a4312d2.jpg;;0.3613604889978887;0.4580997430020943;0.3080347740033176;0.2541961119932239;0.1470532599996659;;0.3409763870004099;;;0.3411243989976356;0.3063514659952489;0.3151647949998732;0.1556272660018294;0.0899751980032306;;0.4640309979949961;;;;;;;;;;;;1.60368182399543;1.611062078998657;1.6320579089951934;1.6054797140022856;1.6056230179965496;;4.887240584997926;;;11.238256237993484;12.128468358001555;11.08632015400508;11.22825262400147;11.06875336899975;;11.257987864002644;;;;;;;;;;;;0.1982742940017487;0.1848947670005145;0.2003010689950315;0.0961902970011578;0.0723931510001421;;0.202002537997032;;;;;;;;;;;35006.0;474.0;514.0
70;70;071_b537dbca.jpg;imagens/Celebrity Faces Dataset/Angelina Jolie/071_b537dbca.jpg;;0.2820667790001607;0.3393693300022278;0.2304813020018628;0.1660348349978448;0.0586934559978544;;0.3289931019971845;;;0.5992105619952781;0.2879852469995967;0.2810402850009268;0.1405839360013487;0.1272101600043242;;0.3760378119986853;;;;;;;;;;;;0.9988215199991828;1.6126990679986193;1.117325268998684;1.284970354005054;0.9314849479997064;;2.84120542799792;;;12.820118240000738;12.446648241995716;12.98891207199631;12.277548892001503;12.58364056100254;;12.60162892799417;;;;;;;;;;;;0.1802209189991117;0.1737482649987214;0.1808084010044695;0.0788236520020291;0.0389304889977211;;0.1707766550025553;;;;;;;;;;;5818.0;160.0;196.0
71;71;072_8d068904.jpg;imagens/Celebrity Faces Dataset/Angelina Jolie/072_8d068904.jpg;;0.4218624620043556;0.4652439249985036;0.3261981780015048;0.2719003259990131;0.1764989769944804;;0.3765816590021131;;;0.368641746994399;0.3214744230062933;0.2916643139978987;0.1791226480054319;0.1135229369974695;;0.4050197109972941;;;;;;;;;;;;1.701895087993762;1.937409607002337;1.5450402310016216;1.745938672000193;1.4276639879972208;;4.667704225998023;;;13.48390966399893;12.727341767000324;13.036080087003938;13.034950329005367;12.461534441994443;;12.668597259995297;;;;;;;;;;;;0.2007945959994685;0.1970956310033216;0.1951172449989826;0.1007803799948305;0.0410936580010456;;0.1666509019996738;;;;;;;;;;;44568.0;474.0;587.0
72;72;073_9f1d377a.jpg;imagens/Celebrity Faces Dataset/Angelina Jolie/073_9f1d377a.jpg;;0.3857071700040251;0.5632557599965367;0.3579843599945889;0.2674149369995575;0.1654005169984884;;0.3510214069974608;;;0.3851212619993021;0.3321357759996317;0.2975612860027468;0.1841883619999862;0.1285792410053545;;0.4845169219988747;;;;;;;;;;;;1.6440104779976537;1.857640663998609;1.6228805999999167;2.060978543995589;1.35683256899938;;5.312416016000498;;;12.71590290000313;12.633990916001494;12.466116497998884;12.4294277470035;12.486048853003012;;13.297707133002405;;;;;;;;;;;;0.1943768300043302;0.2232531449990347;0.1643385999996098;0.1031525640064501;0.0590172640004311;;0.2044981509970966;;;;;;;;;;;36231.0;474.0;581.0
73;73;074_0ec79719.jpg;imagens/Celebrity Faces Dataset/Angelina Jolie/074_0ec79719.jpg;;0.3566521240063594;0.3582430989990826;0.3391135120036779;0.3435891299959621;0.1214579929946921;;0.3313567509976565;;;0.3324013300007209;0.2910370460012927;0.3047049299930222;0.1474094290024368;0.1206852969989995;;0.3349119630001951;;;;;;;;;;;;1.5772870940054418;1.488158501997532;1.5166951129940571;1.8306988769982129;1.512123545006034;;4.390959522999765;;;10.734427976996813;10.39677605200268;11.464114640002665;10.283811819994298;10.410872970001948;;10.287711955003031;;;;;;;;;;;;0.191170645004604;0.1952142849986557;0.1885111919982591;0.0917289810022339;0.0673678180028218;;0.1770168309958535;;;;;;;;;;;29449.0;474.0;474.0
74;74;075_4c504eec.jpg;imagens/Celebrity Faces Dataset/Angelina Jolie/075_4c504eec.jpg;;;;;;;;;;;0.311131584996474;0.2760569180027232;0.2452959810034372;0.1601244620032957;0.1468838520013378;;0.3302813240006799;;;;;;;;;;;;1.6801475129977916;1.4780921429992304;1.5126967670003069;2.1327072080021026;1.281937799998559;;4.653642684999795;;;11.439903749997027;10.73336007400212;10.607760623002832;10.673662191999028;10.487767375001567;;10.740412202001608;;;;;;;;;;;;;;;;;;;;;;;;;;;;;28486.0;474.0;490.0
75;75;076_1d914d5b.jpg;imagens/Celebrity Faces Dataset/Angelina Jolie/076_1d914d5b.jpg;;0.6232720650004921;0.7303702319986769;0.5454183229958289;0.3837249319985858;0.1818624119987362;;0.5909959389973665;;;0.5743926029972499;0.561066367001331;0.5349777509982232;0.2425267149956198;0.2112512590028927;;0.6489109649992315;;;;;;;;;;;;2.4453316719955183;2.3886055770053645;2.3435351549996994;2.691659067000728;1.598339266005496;;6.519205737000448;;;13.053437662005308;12.766610448001302;12.681193590993644;12.375056507997217;13.05743557400274;;12.751165621004477;;;;;;;;;;;;0.1879679240009863;0.2394890850046067;0.2008112339972285;0.0887184849998448;0.0631211920044734;;0.1905679389965371;;;;;;;;;;;39740.0;474.0;568.0
76;76;077_27650aa3.jpg;imagens/Celebrity Faces Dataset/Angelina Jolie/077_27650aa3.jpg;;0.646155958995223;0.6869345009981771;0.5355103350011632;0.3136450950041762;0.2120825150050223;;0.5844857539996156;;;0.342548723994696;0.3069694180012448;0.2939286689943401;0.1415420010016532;0.1648969290035893;;0.3323411990058957;;;;;;;;;;;;1.4087448430000222;1.5035273109970149;1.5241929789990536;2.110326667003392;2.448783216997981;;5.652304704999551;;;13.591769814003785;13.625145727004565;14.250555968996196;14.393784874999255;12.62415844899806;;13.05871442699572;;;;;;;;;;;;0.205077999002242;0.184334249002859;0.1820480649985256;0.1034576099991682;0.0623721529991598;;0.2082556919995113;;;;;;;;;;;36514.0;474.0;592.0
77;77;078_044866e7.jpg;imagens/Celebrity Faces Dataset/Angelina Jolie/078_044866e7.jpg;;0.3659350359957898;0.3654874720014049;0.3518455769954016;0.2347187820050749;0.164869856002042;;0.3522321920027025;;;0.374546081002336;0.3251765870008967;0.3535389659955399;0.1598991720020421;0.0900893349971738;;0.3509530220035231;;;;;;;;;;;;1.5038945750056882;1.978503564001585;1.596415102998435;2.1463890290033305;1.8244662369979776;;4.974281921997317;;;11.707210129003215;11.61557091299619;10.766355223000572;10.33317521400022;10.33553575899714;;10.536436008995224;;;;;;;;;;;;0.2006695879972539;0.2035866349979187;0.2242295840042061;0.1044699129997752;0.0668214859979343;;0.1900516410023556;;;;;;;;;;;31104.0;474.0;474.0
78;78;079_40a598dc.jpg;imagens/Celebrity Faces Dataset/Angelina Jolie/079_40a598dc.jpg;;0.4191351140034385;0.4809626440037391;0.3996661209966987;0.2270376629967359;0.1575340540002798;;0.3550608020013897;;;0.3266100120017654;0.2922096749971388;0.2922106260011787;0.1603365839982871;0.1115836050012148;;0.3172289169961004;;;;;;;;;;;;1.420145219002734;2.26609723400179;1.5178608739952324;1.8202632399988945;1.53868619199784;;5.057249538003816;;;13.26071451399912;12.809694037001464;12.95356253800128;12.651813887998289;12.727561093000986;;13.485727851002594;;;;;;;;;;;;0.2021364019965403;0.1987322999993921;0.1758702200022526;0.1145060029957676;0.0888030060013989;;0.1985142740013543;;;;;;;;;;;44422.0;474.0;592.0
79;79;080_e998ab00.jpg;imagens/Celebrity Faces Dataset/Angelina Jolie/080_e998ab00.jpg;;0.3629249500008882;0.385777978997794;0.4182745139987673;0.2187265859975014;0.1519313270036946;;0.2989502839991473;;;0.358047236004495;0.2789607180020539;0.3611688419987331;0.1368182520018308;0.0867701550014317;;0.2999947760035866;;;;;;;;;;;;1.8574111350026212;2.1557206840006984;1.7944972580007743;1.968712169000355;1.9177283160024672;;6.548178470002313;;;11.36699589699856;10.697227792996271;10.448268362997624;10.444385277995025;10.18987072299933;;10.574865841001156;;;;;;;;;;;;0.1941794379963539;0.2016874000037205;0.1883704120045877;0.0971242500017979;0.0511830219984403;;0.1935152869991725;;;;;;;;;;;27233.0;474.0;474.0
80;80;081_12fb31ec.jpg;imagens/Celebrity Faces Dataset/Angelina Jolie/081_12fb31ec.jpg;;0.5938981250001234;0.6673227020000922;0.5714526019946788;0.4536453869950492;0.1830727870037662;;0.5494249370021862;;;0.3138077149997116;0.2847250000049826;0.35014935000072;0.1607817490003071;0.1365516340010799;;0.3236921990028349;;;;;;;;;;;;1.7002045379995252;1.8577727029987727;1.8742809200048212;2.036541875000694;1.526180394997937;;5.193705723002495;;;12.280532533004587;12.510638363004546;11.963967639996554;11.719309725995116;11.721297908996348;;12.03773840800568;;;;;;;;;;;;0.1965244480015826;0.2042123139981413;0.1949530239944579;0.1011085190039011;0.0702245119973667;;0.1895858099960605;;;;;;;;;;;39546.0;474.0;544.0
81;81;082_047778bb.jpg;imagens/Celebrity Faces Dataset/Angelina Jolie/082_047778bb.jpg;;0.3748657409960287;0.4080144059989834;0.3230982739987666;0.2554148799972608;0.1811473749985452;;0.3458247890011989;;;0.339273563993629;0.3708998799993424;0.3207221379998373;0.1644734040019102;0.1440367600007448;;0.2971536449986161;;;;;;;;;;;;1.4495441800027038;1.7297900350022246;1.5511259799968684;1.718468674000178;1.3801721439958785;;5.50289192499622;;;10.578886028000852;10.42467321100412;10.470927089001634;10.382535238997662;11.354058951001209;;10.906251979002263;;;;;;;;;;;;0.2069235429953551;0.2043866340027307;0.199557931999152;0.0810670349965221;0.0546838189984555;;0.2035107589981635;;;;;;;;;;;38493.0;474.0;474.0
82;82;083_bdada1e2.jpg;imagens/Celebrity Faces Dataset/Angelina Jolie/083_bdada1e2.jpg;;0.3420877739990828;0.3624333339976147;0.3037490919959964;0.2331297839991748;0.1336658720028936;;0.344427652999002;;;0.3373048969951924;0.3881148290020064;0.3766317779954988;0.1456749589997343;0.1325409089986351;;0.310982648996287;;;;;;;;;;;;1.4223492710007122;1.5055014730023686;1.5468162409961224;1.7138863340005628;1.501550472996314;;4.041867617001117;;;10.731311817995447;10.571684234004351;10.296909700999096;10.425822732002416;10.29874905399629;;11.04501934000291;;;;;;;;;;;;0.2022519139936776;0.1944163219959591;0.1953765879952698;0.1083493840051232;0.0782958380004856;;0.2124837490046047;;;;;;;;;;;21610.0;474.0;474.0
83;83;084_da751ddd.jpg;imagens/Celebrity Faces Dataset/Angelina Jolie/084_da751ddd.jpg;;0.3225790460055577;0.3570050109992735;0.2884469560012803;0.1879306769988034;0.1218017179999151;;0.3122073569975327;;;0.3905107749960734;0.3682534799954737;0.289430832999642;0.1500198049980099;0.1101787010047701;;0.3940891579986783;;;;;;;;;;;;1.6778867979955976;1.6592091210040962;1.5301353539980482;2.0266130870004417;1.7690343799986294;;4.73665697999968;;;12.918489201001648;12.552115354003035;12.68114026600233;12.420676948997423;12.582514684996568;;13.558742695997353;;;;;;;;;;;;0.2020409169999766;0.2655346290048328;0.2037210510025033;0.0985399780038278;0.063493854002445;;0.1748029890004545;;;;;;;;;;;26973.0;474.0;585.0
84;84;085_f579db33.jpg;imagens/Celebrity Faces Dataset/Angelina Jolie/085_f579db33.jpg;;0.6453259609988891;0.7313127950037597;0.5737347320027766;0.3412116330000572;0.1801539529988076;;0.6246090999993612;;;0.3461064209986944;0.4217644900054438;0.3288143440004205;0.1532191439982853;0.1055003899964504;;0.356044763000682;;;;;;;;;;;;1.7752054640004644;1.773598679996212;1.565413176002039;2.021386126994912;1.55638433599961;;5.996881580998888;;;13.740249802001928;12.938082013002711;12.949998916999904;12.88324591399578;12.547977016001823;;13.026108990998182;;;;;;;;;;;;0.2052340470036142;0.1885436209995532;0.177299001996289;0.0932362479943549;0.0689138660018215;;0.2149055799964117;;;;;;;;;;;53149.0;474.0;592.0
85;85;086_f2c730f3.jpg;imagens/Celebrity Faces Dataset/Angelina Jolie/086_f2c730f3.jpg;;0.3197439129944541;0.3538616349978838;0.3016151519987033;0.217894310997508;0.1171142960010911;;0.3637788170017302;;;0.3423074699967401;0.4901554690004559;0.2778649550018599;0.1580118470010347;0.1354922639948199;;0.3451510890008649;;;;;;;;;;;;1.7941966549988138;1.4916932869964512;1.4597532949992456;1.8656576959983795;1.4617559050020643;;4.664695647996268;;;10.691585515000044;10.41849218099378;11.14997956300067;10.2756348719995;10.534295827004826;;11.236073252999631;;;;;;;;;;;;0.2057574690043111;0.2085645360057242;0.1730309830018086;0.1036465070064878;0.0637427959954948;;0.205396555000334;;;;;;;;;;;24413.0;474.0;474.0
86;86;087_f325890f.jpg;imagens/Celebrity Faces Dataset/Angelina Jolie/087_f325890f.jpg;;0.3701589730044361;0.3731900769998901;0.312685301003512;0.2235600540006999;0.1368986410016077;;0.3537503790066694;;;0.2982067129996721;0.3699305000045569;0.3301039649959421;0.2468120179983088;0.1093937129990081;;0.3514438220008742;;;;;;;;;;;;1.5055294740013778;1.814617083997291;1.5124576169982902;1.931793618001393;1.482772634000867;;4.666296463998151;;;13.029010293001193;13.361315855006978;12.878392432998226;13.450330173000111;13.996376867995425;;12.67258638900239;;;;;;;;;;;;0.1901103720010724;0.2147864090002258;0.1983767069978057;0.0985712469991995;0.0643029300044872;;0.1885393379998277;;;;;;;;;;;28287.0;474.0;588.0
87;87;088_029ffc54.jpg;imagens/Celebrity Faces Dataset/Angelina Jolie/088_029ffc54.jpg;;0.3069705199959571;0.3377286559989443;0.2665587820010842;0.1719240510064992;0.1004236820008372;;0.3128973200000473;;;0.2898333269986324;0.3170204029956949;0.25877322100132;0.1696291199987172;0.1073429610041785;;0.2830454240029212;;;;;;;;;;;;1.5140331679940573;1.8404343180009164;1.6083504560010624;1.889052008998988;1.568517644998792;;5.110248149001563;;;10.741702713996348;10.803455761000803;11.178627840003172;10.697663172999455;10.39030861399806;;10.664790626004104;;;;;;;;;;;;0.2075131990059162;0.1998775059983017;0.1830207879975205;0.1105704239962506;0.072203884999908;;0.1815749150046031;;;;;;;;;;;18452.0;474.0;463.0
88;88;089_33e36564.jpg;imagens/Celebrity Faces Dataset/Angelina Jolie/089_33e36564.jpg;;0.3716075310003361;0.391842760000145;0.3449499170019408;0.2537376720065367;0.1778409669932443;;0.3846028129992191;;;0.3181727819974185;0.3068906909975339;0.2474233740067575;0.1959319469970069;0.1166026709979632;;0.4063739079938386;;;;;;;;;;;;1.50964672799455;1.658113196004706;1.5766317489978974;1.7726641679983004;1.6643483090010704;;5.0093907169939484;;;13.30973799200001;12.233964289996948;12.453463997000654;13.083750808000332;12.265915873002086;;12.648427206004271;;;;;;;;;;;;0.2077779269966413;0.2012746420004987;0.2105507160013076;0.1059357560006901;0.0646993099944666;;0.1601005690026795;;;;;;;;;;;46637.0;474.0;573.0
89;89;090_da55509f.jpg;imagens/Celebrity Faces Dataset/Angelina Jolie/090_da55509f.jpg;;0.2552973490019212;0.3663926009976421;0.2426465230018948;0.1492249709990574;0.0595190159947378;;0.2431663160023163;;;0.2774946680001449;0.2834985700028483;0.2857434050019947;0.1300592819970916;0.0621642069963854;;0.2773655400014831;;;;;;;;;;;;1.2428318060046877;1.163305695001327;1.1659414030000337;1.482314895001764;1.430965211999137;;3.993834943998081;;;10.549669887004711;10.547105288002058;10.42763125700003;10.91907438400085;10.015147090998653;;10.439920559998429;;;;;;;;;;;;0.1706128189980518;0.1907827020040713;0.1579765170026803;0.0978004470016458;0.0457813379980507;;0.1633165390012436;;;;;;;;;;;4818.0;160.0;160.0
90;90;091_b5b4a62f.jpg;imagens/Celebrity Faces Dataset/Angelina Jolie/091_b5b4a62f.jpg;;0.3198971710007754;0.4108338940059184;0.3133852820028551;0.1750289219999103;0.1359983889997238;;0.3003582710007322;;;0.2805652940005529;0.2978116610029246;0.2445667899955879;0.2634907230021781;0.0795212949960841;;0.2848913069974514;;;;;;;;;;;;1.736824988001899;1.7455823340060306;1.459543212004064;1.966578664003464;1.7526138199973502;;4.022774982993724;;;10.97716467599821;10.456901749996176;10.370778983997296;10.2662189449984;10.263695060995817;;10.495109116003732;;;;;;;;;;;;0.1880367990015656;0.2085588429981726;0.1874152110030991;0.0946296760012046;0.068094417998509;;0.1963523610029369;;;;;;;;;;;20151.0;474.0;474.0
91;91;092_26130bb1.jpg;imagens/Celebrity Faces Dataset/Angelina Jolie/092_26130bb1.jpg;;0.3098024930004612;0.3813761800047359;0.2996608310058946;0.2049090629952843;0.1657860560007975;;0.335809372998483;;;0.3073655449989019;0.2934999779972713;0.2478576909998082;0.1324975500028813;0.1062039120006375;;0.284075325995218;;;;;;;;;;;;1.6472496959977434;1.8733206850010904;1.5575252659982652;1.8192362240006328;1.2419902960027684;;4.4622543299992685;;;12.577801831997933;12.274366207995628;12.91272175100312;12.383718432000023;12.28490077299648;;12.186574077997648;;;;;;;;;;;;0.1813427399974898;0.2124540869990596;0.1818148410020512;0.1142441099946154;0.0701811210019514;;0.1943531220022123;;;;;;;;;;;29468.0;474.0;569.0
92;92;093_6ce62543.jpg;imagens/Celebrity Faces Dataset/Angelina Jolie/093_6ce62543.jpg;;0.3457273059975705;0.3741731000045547;0.3486074090033071;0.2288019190018531;0.1688573470019037;;0.3552966749994084;;;0.3117716350025148;0.306616417998157;0.260995869000908;0.185225804001675;0.1254599950043484;;0.3053513530030614;;;;;;;;;;;;1.7706130229998962;1.9812726550007935;1.5685716640000464;1.841863334993832;1.222785797996039;;5.136424863005232;;;12.840862926001137;12.432479171002342;12.199299223000708;12.34833591899951;12.079894686001351;;12.497025304997806;;;;;;;;;;;;0.1924306599976262;0.2118595869978889;0.1801676289978786;0.1037891059968387;0.0621100130010745;;0.198971943995275;;;;;;;;;;;31599.0;474.0;568.0
93;93;094_c255b703.jpg;imagens/Celebrity Faces Dataset/Angelina Jolie/094_c255b703.jpg;;0.3342632700005197;0.3636893579969182;0.337497856002301;0.1818573420023312;0.1293714589992305;;0.3307851290010148;;;0.2732335239998065;0.3229411329957656;0.3163132519985083;0.1749712490054662;0.1061196319933515;;0.4005861020050361;;;;;;;;;;;;2.16637920300127;1.9922307409942728;1.5451935710007092;1.7858051139992313;1.365504947003501;;5.260094214005221;;;13.740871966998384;13.388169680998544;12.702857789998234;12.480122995999409;12.65851242699864;;12.640275894002116;;;;;;;;;;;;0.2033310309998341;0.2986227849978604;0.2026892709982348;0.1224449200017261;0.0566312359951552;;0.2014400699990801;;;;;;;;;;;26029.0;474.0;587.0
94;94;095_0be163a1.jpg;imagens/Celebrity Faces Dataset/Angelina Jolie/095_0be163a1.jpg;;0.3733423720041173;0.4159665789993596;0.3586103359994013;0.2504078639976796;0.1842505790045834;;0.371467863995349;;;0.3234191640003701;0.346691393002402;0.2978230099979555;0.2059943240019492;0.0983783010015031;;0.3917378810001537;;;;;;;;;;;;2.2913913579977816;1.752558295003837;1.5760545970042583;2.1208469630000764;1.591487732999667;;5.8269443070021225;;;13.01414946099976;20.22406966899871;12.846480865999183;12.90862480400392;13.982742013999086;;13.220314525999129;;;;;;;;;;;;0.1988991969992639;0.2076477679947856;0.2076276890002191;0.1023585309958434;0.0732609650003723;;0.2995198290009284;;;;;;;;;;;51286.0;474.0;592.0
95;95;096_75710434.jpg;imagens/Celebrity Faces Dataset/Angelina Jolie/096_75710434.jpg;;0.254438502000994;0.2949392459995579;0.2736649740036228;0.1426954880007542;0.0621825000052922;;0.2866165689993067;;;0.3004064109991304;0.2827689100013231;0.2360744059988064;0.1617597009972087;0.0902585779986111;;0.2863437949999934;;;;;;;;;;;;1.3623068060041987;1.0538759880000723;1.0751144520036178;1.2375316769976052;1.4153504420028185;;5.829963735995989;;;11.32585874099459;11.153334859998722;10.942822127995896;11.4994707789956;10.929099636996398;;11.84231599100167;;;;;;;;;;;;0.1900068709946936;0.1858504740011994;0.1787480989951291;0.083183219001512;0.0459844720026012;;0.1805585780020919;;;;;;;;;;;5974.0;160.0;150.0
96;96;097_9a6bf61f.jpg;imagens/Celebrity Faces Dataset/Angelina Jolie/097_9a6bf61f.jpg;;0.3591415300033986;0.3826684359955834;0.4161409119988093;0.227503230998991;0.1724069990013959;;0.3334490479974192;;;0.3205808879938558;0.3208732580023934;0.2787630340026226;0.2477279579979949;0.1189910350003629;;0.3242583239989471;;;;;;;;;;;;2.1142467850004323;1.6333924400023534;1.6729118319999543;1.85479303500324;1.9134181049957988;;7.313803482997173;;;12.692511107998143;12.694788699998751;12.693193317994885;13.010108203998245;13.51356393199967;;12.457561279996298;;;;;;;;;;;;0.2150766310005565;0.2031255210022209;0.1880723790018237;0.0991782860000967;0.0572826549978344;;0.195184607997362;;;;;;;;;;;28662.0;474.0;582.0
97;97;098_dd1405fc.jpg;imagens/Celebrity Faces Dataset/Angelina Jolie/098_dd1405fc.jpg;;0.3417797310030437;0.3897618889968726;0.4575704589951783;0.2222803469994687;0.1664671440012171;;0.3722503340031835;;;0.3140603869978804;0.3102790289995027;0.3300775169991539;0.1819832859982852;0.1077698240042082;;0.3336330340025597;;;;;;;;;;;;1.526933769993775;1.6554522709993762;1.5652384940040065;1.785643668998091;2.032873226002266;;5.051637028998812;;;12.795643035999092;12.459568608996053;12.465672546997666;12.54835091700079;12.364843445997394;;12.670463943999492;;;;;;;;;;;;0.183050056999491;0.2016007329948479;0.1801044480016571;0.1056710650009336;0.0721909909989335;;0.1919948700015084;;;;;;;;;;;42252.0;474.0;581.0
98;98;099_c22d3e48.jpg;imagens/Celebrity Faces Dataset/Angelina Jolie/099_c22d3e48.jpg;;0.3104126030011684;0.3293029659980675;0.4115613750036573;0.1722599580025416;0.0966561250024824;;0.321237028001633;;;;;;;;;;;;;;;;;;;;;2.3425552300031995;1.7984425429967814;1.561104485001124;1.9956086070014865;2.140413251996506;;5.277210793996346;;;12.7305047369955;13.04200183499779;12.497673345002111;12.862133054004516;13.20929206200526;;12.353921149995584;;;;;;;;;;;;0.1955139560013776;0.2176059560006251;0.184463751000294;0.104793521000829;0.0716451189946383;;0.1660458370024571;;;;;;;;;;;28263.0;474.0;573.0
99;99;100_31ff9373.jpg;imagens/Celebrity Faces Dataset/Angelina Jolie/100_31ff9373.jpg;;0.3544065219975891;0.3455780240037711;0.363543983999989;0.2066919960052473;0.1159475859967642;;0.3137086619972251;;;0.325888457999099;0.3124909219986875;0.2546456509953714;0.1320577849983237;0.0968922430038219;;0.3508605960014392;;;;;;;;;;;;2.425453967996873;1.485875960002886;1.563962995998736;1.7389558290014977;1.4416960339949585;;5.3842703080008505;;;12.683332124994196;12.612088062000112;12.438936941005522;12.509251909999875;13.08653537400096;;12.585207126001478;;;;;;;;;;;;0.2045668669961742;0.2106851589996949;0.1688629400014178;0.1074964950021239;0.0672762410031282;;0.1852918910008156;;;;;;;;;;;27726.0;474.0;578.0
