;filename;relative_path;CPU_opencv_Dlib;CPU_opencv_Facenet512;CPU_opencv_Facenet;CPU_opencv_ArcFace;CPU_opencv_OpenFace;CPU_opencv_DeepID;CPU_opencv_DeepFace;CPU_opencv_GhostFaceNet;CPU_opencv_sFace;CPU_ssd_Dlib;CPU_ssd_Facenet512;CPU_ssd_Facenet;CPU_ssd_ArcFace;CPU_ssd_OpenFace;CPU_ssd_DeepID;CPU_ssd_DeepFace;CPU_ssd_GhostFaceNet;CPU_ssd_sFace;CPU_dlib_Dlib;CPU_dlib_Facenet512;CPU_dlib_Facenet;CPU_dlib_ArcFace;CPU_dlib_OpenFace;CPU_dlib_DeepID;CPU_dlib_DeepFace;CPU_dlib_GhostFaceNet;CPU_dlib_sFace;CPU_mtcnn_Dlib;CPU_mtcnn_Facenet512;CPU_mtcnn_Facenet;CPU_mtcnn_ArcFace;CPU_mtcnn_OpenFace;CPU_mtcnn_DeepID;CPU_mtcnn_DeepFace;CPU_mtcnn_GhostFaceNet;CPU_mtcnn_sFace;CPU_retinaface_Dlib;CPU_retinaface_Facenet512;CPU_retinaface_Facenet;CPU_retinaface_ArcFace;CPU_retinaface_OpenFace;CPU_retinaface_DeepID;CPU_retinaface_DeepFace;CPU_retinaface_GhostFaceNet;CPU_retinaface_sFace;CPU_yolov8_Dlib;CPU_yolov8_Facenet512;CPU_yolov8_Facenet;CPU_yolov8_ArcFace;CPU_yolov8_OpenFace;CPU_yolov8_DeepID;CPU_yolov8_DeepFace;CPU_yolov8_GhostFaceNet;CPU_yolov8_sFace;CPU_yunet_Dlib;CPU_yunet_Facenet512;CPU_yunet_Facenet;CPU_yunet_ArcFace;CPU_yunet_OpenFace;CPU_yunet_DeepID;CPU_yunet_DeepFace;CPU_yunet_GhostFaceNet;CPU_yunet_sFace;CPU_fastmtcnn_Dlib;CPU_fastmtcnn_Facenet512;CPU_fastmtcnn_Facenet;CPU_fastmtcnn_ArcFace;CPU_fastmtcnn_OpenFace;CPU_fastmtcnn_DeepID;CPU_fastmtcnn_DeepFace;CPU_fastmtcnn_GhostFaceNet;CPU_fastmtcnn_sFace
0;001_fe3347c0.jpg;imagens/Celebrity Faces Dataset/Angelina Jolie/001_fe3347c0.jpg;;3.49160285799735;2.1987480739990133;1.9348244569991948;2.060677809000481;0.27546874200197635;;4.458305574997212;;;0.46942280199436937;0.3309281209949404;0.28415667499939445;0.16059253300045384;0.09097737100091763;;0.30317762999766273;;;;;;;;;;;;4.295585241998197;2.2357372080005007;1.7856724720040802;1.4891180979975616;1.4682039160034037;;1.730977941006131;;;42.43899439099914;13.460159633999865;12.243795837996004;12.941869217000203;12.06371641199803;;12.36305698799697;;;;;;;;;;;;0.19385908100230154;0.20135745099833002;0.19819871200161288;0.11775560600653989;0.044438416000048164;;0.19990323400270427;;;;;;;;;;
1;002_8f8da10e.jpg;imagens/Celebrity Faces Dataset/Angelina Jolie/002_8f8da10e.jpg;;0.407441833995108;0.33808401100395713;0.3604278299972066;0.24142169999686303;0.14059854300285224;;0.4199997429968789;;;0.33555823100323323;0.3112383260013303;0.2608104570026626;0.18964226100069936;0.10164705700299237;;0.3738404370014905;;;;;;;;;;;;1.8735479879978811;2.1597190989996307;1.454526090004947;1.431541157005995;1.5890313199997763;;1.5409445620025508;;;11.511672825996357;10.487593746001949;10.53885890100355;10.562441997004498;10.316957912000362;;10.927605773998948;;;;;;;;;;;;0.18370370600314345;0.20068784799514106;0.1789957110013347;0.1022574460002943;0.04720539700065274;;0.1627060610044282;;;;;;;;;;
2;003_57612506.jpg;imagens/Celebrity Faces Dataset/Angelina Jolie/003_57612506.jpg;;0.393831705005141;0.3384815039971727;0.36914570900262333;0.21363805899454746;0.16369571199902566;;0.3848015019975719;;;0.2913779840018833;0.3231406170016271;0.3446786330023315;0.16614631199627183;0.20631741199758835;;0.2942334299950744;;;;;;;;;;;;2.0382118790003005;1.6708976589943632;1.7139487849999568;1.5064266650006175;1.6150826719967881;;1.5776613229973009;;;12.811836319997383;12.751319697999861;13.435167112002091;12.18340800000442;12.266609179001534;;12.398148490996391;;;;;;;;;;;;0.19853425699693616;0.1995170469963341;0.20183804300177144;0.10784479200083297;0.036522817994409706;;0.18686961899948074;;;;;;;;;;
3;004_f61e7d0c.jpg;imagens/Celebrity Faces Dataset/Angelina Jolie/004_f61e7d0c.jpg;;0.2890495390020078;0.25880296000104863;0.267864642002678;0.12667915999918478;0.06114724300277885;;0.3508758699972532;;;0.32992981399729615;0.26624189900030615;0.24465284000325482;0.1341928529946017;0.08065465099934954;;0.24622978700062959;;;;;;;;;;;;1.3386873529962031;1.0025841759998002;1.0261994339962257;1.0030267959955381;1.008307240997965;;1.1149573389993748;;;13.000098227996205;13.037246769003104;12.69673979900108;13.275562382994394;12.456820264000271;;12.78725343199767;;;;;;;;;;;;0.18850793199817417;0.18307919700600905;0.1763015809992794;0.09823689300537808;0.02946001899545081;;0.16311170399421826;;;;;;;;;;
4;005_582c121a.jpg;imagens/Celebrity Faces Dataset/Angelina Jolie/005_582c121a.jpg;;0.3730079669985571;0.3322898000042187;0.3261129129969049;0.2020900330026052;0.1364732859947253;;0.3608066119995783;;;0.3029661730033695;0.2929048160003731;0.241627345996676;0.1780446699995082;0.12948407700605458;;0.3501196219949634;;;;;;;;;;;;1.8376199550039019;1.3933234979995177;1.7527093809985672;1.4564876109943725;1.6167778439994436;;1.5934477349946974;;;11.990741866997269;12.608987202998833;11.18816899399826;11.052395594997506;11.139960151995183;;11.839404746999207;;;;;;;;;;;;0.2059803920055856;0.1964032660034718;0.1801104670012137;0.10303903600288322;0.06414422200032277;;0.20025137999618892;;;;;;;;;;
5;006_9135205d.jpg;imagens/Celebrity Faces Dataset/Angelina Jolie/006_9135205d.jpg;;0.7440551620020415;0.5854172289982671;0.5830352420016425;0.3625839649976115;0.19279634499980602;;0.6814885330022662;;;0.3262430579998181;0.309877610001422;0.3256900050037075;0.15371721400151728;0.13444252000044798;;0.3282400559983216;;;;;;;;;;;;2.3369630460001645;2.1151892429988948;1.7717206180022913;1.6078007179967244;1.8041127789983875;;2.1657247099938104;;;13.306278446005308;12.903482344998338;12.407646498002578;12.31949488400278;12.661259971006075;;12.666050852996705;;;;;;;;;;;;0.20200298699637642;0.2149163879948901;0.2048598649998894;0.11142770800506696;0.06249211700196611;;0.20681824400526239;;;;;;;;;;
6;007_cabbfcbb.jpg;imagens/Celebrity Faces Dataset/Angelina Jolie/007_cabbfcbb.jpg;;0.3589526389987441;0.341901470994344;0.2963955779996468;0.19807232300081523;0.12295442100003129;;0.3672533819990349;;;0.31337579299724894;0.29871411000203807;0.2711234210000839;0.15620978800143348;0.11026205200323602;;0.29106753999803914;;;;;;;;;;;;1.9023149450003984;1.3571936520020245;2.0107344309944892;1.3427033740008483;1.6469123100032448;;2.012824315002945;;;12.234147909999592;10.970728837994102;11.364241296003456;10.897917464993952;10.731056188000366;;10.812127559001965;;;;;;;;;;;;0.18418282499624183;0.20939178299886407;0.20129601399821695;0.09131000000343192;0.0659775499952957;;0.19162605099700158;;;;;;;;;;
7;008_d1f87068.jpg;imagens/Celebrity Faces Dataset/Angelina Jolie/008_d1f87068.jpg;;0.6922652880020905;0.5937635260052048;0.4925628900018637;0.3075273400027072;0.15959757499513216;;0.6265313800031436;;;0.28162025599885965;0.3149329439984285;0.2535726220012293;0.14422718500281917;0.10133964700071374;;0.3204497229962726;;;;;;;;;;;;1.5035736429999815;1.5030446739983745;2.019800691996352;1.427363406997756;1.4750773119958467;;2.02519545800169;;;10.695264194997435;10.762574544998643;10.276253921001626;10.212311078998027;10.84873041100218;;10.470069887000136;;;;;;;;;;;;0.19823646899749292;0.19786976799514377;0.19896924999920884;0.10981191300379578;0.0705053970013978;;0.19054101599613205;;;;;;;;;;
8;009_fb3e6174.jpg;imagens/Celebrity Faces Dataset/Angelina Jolie/009_fb3e6174.jpg;;0.42224871600046754;0.34309321899490897;0.3062539789971197;0.19987564899929566;0.14168786899972474;;0.35825074699823745;;;0.30975019199831877;0.30960766899806913;0.2963676960062003;0.15943162099574693;0.08567464100633515;;0.30026852700393647;;;;;;;;;;;;1.547890585999994;1.9953878529995563;1.4929874680019566;1.4663610790012171;1.5129396070042276;;1.5119205989976763;;;12.486459574000037;12.548865441000089;13.716014281999378;12.543302181999024;12.050861174000602;;12.389361169996846;;;;;;;;;;;;0.20239051299722632;0.2623315450036898;0.18037033500149846;0.10509514299337752;0.060682964001898654;;0.1885981779996655;;;;;;;;;;
9;010_f99d79e3.jpg;imagens/Celebrity Faces Dataset/Angelina Jolie/010_f99d79e3.jpg;;0.7563423560059164;0.6175551730048028;0.5367060630014748;0.3532470919963089;0.19250133199966513;;0.6634824389984715;;;0.28756216000329005;0.3172756650019437;0.2884920680007781;0.1622476549964631;0.13021178600320127;;0.2942466129970853;;;;;;;;;;;;1.6882585950006614;1.9153793680015951;1.691167161006888;1.5493904710019706;1.720265483003459;;1.8002050700015388;;;12.800230505003128;12.653834356999141;13.206532933996641;12.287770166003611;12.21739447300206;;12.344105017000402;;;;;;;;;;;;0.3556436639992171;0.3724970219991519;0.3212545849964954;0.1720484929974191;0.07702662699739449;;0.33788747600192437;;;;;;;;;;
10;011_7344ca35.jpg;imagens/Celebrity Faces Dataset/Angelina Jolie/011_7344ca35.jpg;;0.3985025340007269;0.3472527240010095;0.3317513570000301;0.27002962800179375;0.157430616003694;;0.4414266520034289;;;0.31492188499396434;0.3156861640018178;0.3111992230042233;0.15382415600470267;0.141737045996706;;0.29654342599678785;;;;;;;;;;;;1.50477362699894;2.106779061999987;1.5277824990043882;1.4970369310030947;1.694892384999548;;1.708621416000824;;;13.10430700199504;11.770339937000244;11.319458294005017;11.305593646997295;11.361297378003655;;11.77992583100422;;;;;;;;;;;;0.17124492499715416;0.17478176800068468;0.17801828499796102;0.10270278200187022;0.054818479002278764;;0.1828186690036091;;;;;;;;;;
11;012_cfcd4007.jpg;imagens/Celebrity Faces Dataset/Angelina Jolie/012_cfcd4007.jpg;;0.3957325800001854;0.3312824559980072;0.2991942660009954;0.2196372149992385;0.14606440900388407;;0.3874380060005933;;;0.31953793999855407;0.2989444429986179;0.24655432399595156;0.17869966599391773;0.10691203299938934;;0.3338177029945655;;;;;;;;;;;;1.4780538939958205;2.221126403994276;1.4693864050059346;1.4105079139990266;1.6679420750006102;;1.5970446850042208;;;12.731034630000067;12.612805334996665;14.019162229000358;12.687301637997734;13.760749542001577;;12.589318075995834;;;;;;;;;;;;0.17090264600119554;0.18657094100490212;0.18028451899590436;0.11868857900117291;0.06701925399829634;;0.18273696200049017;;;;;;;;;;
12;013_95ecbd39.jpg;imagens/Celebrity Faces Dataset/Angelina Jolie/013_95ecbd39.jpg;;0.42880410799989477;0.3261911009976757;0.3113046190046589;0.19117267800174886;0.12960093100264203;;0.34921315199608216;;;0.3132023330035736;0.3039929500009748;0.32496908900066046;0.1446987080053077;0.10407070700603072;;0.358018216000346;;;;;;;;;;;;1.6109566419982002;1.675193721006508;1.8746114919995307;1.3895327160062152;1.555788591002056;;1.7634013880015118;;;10.752170692998334;10.689055360002385;10.257171466000727;10.225671207001142;10.42519517299661;;10.41620973800309;;;;;;;;;;;;0.1761463789953268;0.20312678899790626;0.16942687700066017;0.10664621800242458;0.0671699790036655;;0.19500696400064044;;;;;;;;;;
13;014_0d29db88.jpg;imagens/Celebrity Faces Dataset/Angelina Jolie/014_0d29db88.jpg;;0.6319522299963864;0.5344891059939982;0.5294420909995097;0.31493161699472694;0.1460884870029986;;0.5964870200041332;;;0.3180871369986562;0.3249006719997851;0.2601979409955675;0.15324902299471432;0.09075443400070071;;0.32195806600066135;;;;;;;;;;;;1.8341793829968083;1.9407260160005535;1.7931481559935492;1.5353378389991121;1.6655545070025255;;2.1486565490049543;;;13.481066537002334;12.154602870003146;11.989900498003408;11.863733017002232;11.640535900995019;;12.12799536500097;;;;;;;;;;;;0.20508329699805472;0.218439069998567;0.20066985100129386;0.10754014900157927;0.06593177200556966;;0.18781681599648437;;;;;;;;;;
14;015_8bac79b5.jpg;imagens/Celebrity Faces Dataset/Angelina Jolie/015_8bac79b5.jpg;;0.41663114100083476;0.37465985900053056;0.35052699499647133;0.21050436299992725;0.1543131779981195;;0.35571651899954304;;;0.31741643600253155;0.321650738005701;0.3445922240061918;0.1668309369997587;0.10352223500376567;;0.2993992369956686;;;;;;;;;;;;1.6568289380011265;2.188560039998265;1.4379668870024034;1.5447831799974665;1.879964984000253;;1.5655458069959423;;;12.890208303004329;12.90938186999847;12.50298521899822;12.661187516001519;12.442085358998156;;12.802236006995372;;;;;;;;;;;;0.18829693499719724;0.24764307599980384;0.19679663400165737;0.09790743399935309;0.06620449000183726;;0.17718999399949098;;;;;;;;;;
15;016_8945d6ca.jpg;imagens/Celebrity Faces Dataset/Angelina Jolie/016_8945d6ca.jpg;;0.4579300780023914;0.32591222599876346;0.33006902499619173;0.20624741799838375;0.1545698959962465;;0.3578593999991426;;;0.3515693070003181;0.31150763500045286;0.29670993000036106;0.17429903899756027;0.11939736000203993;;0.31760788599785883;;;;;;;;;;;;1.848653380999167;2.3504083000007086;1.3991375960031291;1.4808147340008873;1.8385037790067145;;1.9829860989993904;;;13.12247839900374;13.100136227003532;12.7308435369996;12.632260091995704;14.157794676000776;;12.940938726998866;;;;;;;;;;;;0.20679005200508982;0.19910193199757487;0.1755139950037119;0.0892054130017641;0.05845824700372759;;0.196199270998477;;;;;;;;;;
16;017_e28ea9d4.jpg;imagens/Celebrity Faces Dataset/Angelina Jolie/017_e28ea9d4.jpg;;0.47611602299730293;0.39682686400192324;0.3161469379992923;0.22313821200077655;0.15214446200116072;;0.3599962919979589;;;0.3193755600004806;0.2998659100048826;0.3274317420000443;0.15694284700293792;0.10639767899556318;;0.3141023319985834;;;;;;;;;;;;2.0511070520005887;1.9722437969976454;1.5537123329995666;1.428273913996236;2.016504867002368;;1.9932177999944543;;;12.490627200000745;13.212311251001665;12.432130197994411;12.338099954999052;12.097137301992916;;12.290708369997446;;;;;;;;;;;;0.1842470659976243;0.1952717259991914;0.19553966999956174;0.11720763599441852;0.07454024700564332;;0.19114253799489234;;;;;;;;;;
17;018_fcafe1a8.jpg;imagens/Celebrity Faces Dataset/Angelina Jolie/018_fcafe1a8.jpg;;0.3483664619998308;0.3692043209957774;0.32811488500010455;0.196749937000277;0.11865707700053463;;0.3235099640005501;;;0.31109380300040357;0.30507004899845924;0.2598388979968149;0.1676143580043572;0.08601590799662517;;0.2810325440004817;;;;;;;;;;;;1.5953190170039306;2.0870051809979486;2.0673125050016097;1.503557443000318;1.626973160993657;;1.5670355859983829;;;10.717520906000573;11.439542421001534;10.308800820996112;10.173737755998445;10.342559295000683;;10.489930008996453;;;;;;;;;;;;0.20458437799970852;0.20534281199797988;0.17408857100235764;0.0973207779970835;0.0657449079953949;;0.17941795199294575;;;;;;;;;;
18;019_57ab290d.jpg;imagens/Celebrity Faces Dataset/Angelina Jolie/019_57ab290d.jpg;;0.3659950649962411;0.40102630199544365;0.3135485340026207;0.1983371440001065;0.12767234600323718;;0.3688983969987021;;;0.3345212709973566;0.3047292749979533;0.2488946909943479;0.1490754830010701;0.084072293000645;;0.2866121379993274;;;;;;;;;;;;1.7814452000020538;2.603367388001061;1.4881451409964939;1.5455943389970344;1.4829177479987266;;1.6050200359968585;;;13.756660703002126;12.38585976500326;12.295027207001112;13.169121327999164;12.009746758005349;;12.373820304994297;;;;;;;;;;;;0.207897355001478;0.20735218800109578;0.21067196100193541;0.1196463460000814;0.059624339002766646;;0.18772105399693828;;;;;;;;;;
19;020_4c4b655f.jpg;imagens/Celebrity Faces Dataset/Angelina Jolie/020_4c4b655f.jpg;;0.3991923220019089;0.3758499169998686;0.3445222680020379;0.23314776299957884;0.16517571700387634;;0.362948875001166;;;0.34062823099520756;0.28700204200140433;0.2910501030055457;0.15249698299885495;0.09558865100552794;;0.2797735639978782;;;;;;;;;;;;2.1024226880035712;1.6415011229983065;1.7338188979992992;1.4683431919984287;1.9980027089986834;;1.5464309449962457;;;12.697851359000197;12.563154225004837;13.04241281299619;12.211635715997545;12.23810573299852;;12.165243868999823;;;;;;;;;;;;0.22131069999886677;0.19326027499482734;0.1864560440008063;0.09094034999725409;0.07183023400284583;;0.18373433600208955;;;;;;;;;;
20;021_6e419870.jpg;imagens/Celebrity Faces Dataset/Angelina Jolie/021_6e419870.jpg;;0.3727317939992645;0.36116017599852057;0.3272600269992836;0.19030241900327383;0.12177888100268319;;0.36917623200133676;;;0.30610409600194544;0.3184360800005379;0.25372622800205136;0.14606419399933657;0.09188137800083496;;0.29371077299583703;;;;;;;;;;;;1.9078447189967846;1.44572076699842;1.4966087490029167;1.3845288730008178;1.7127635669967276;;1.918542929997784;;;12.628883910998411;13.459949030002463;12.961810922002769;12.154299851004907;12.258110665003187;;13.184239504000288;;;;;;;;;;;;0.19523055099853082;0.18469532200106187;0.17645103300310438;0.08443757600616664;0.050780296995071694;;0.19101380000211066;;;;;;;;;;
21;022_b497b92e.jpg;imagens/Celebrity Faces Dataset/Angelina Jolie/022_b497b92e.jpg;;0.3560046010024962;0.36943443899508566;0.3547906870007864;0.20952089299680665;0.12896865000220714;;0.3523762979966705;;;0.32477435799955856;0.3273411680056597;0.2533168620066135;0.17970549299934646;0.10659570099960547;;0.3169234899978619;;;;;;;;;;;;1.723880032004672;1.461348992997955;1.459511275003024;1.3283405649999622;1.7061105519969715;;1.8131268859942793;;;11.834587980003562;11.933595353999408;12.012282709998544;10.983667286003765;10.888167920995329;;10.935382982999727;;;;;;;;;;;;0.20097145099862246;0.195798544002173;0.20369492399913725;0.1097954029974062;0.049486942996736616;;0.1994761199966888;;;;;;;;;;
22;023_7781dd1c.jpg;imagens/Celebrity Faces Dataset/Angelina Jolie/023_7781dd1c.jpg;;0.334647749994474;0.37418385699857026;0.34085362399491714;0.19051295499957632;0.1338418770028511;;0.3401154540042626;;;0.29156083799898624;0.30732172400166746;0.40757180500077084;0.17272683999908622;0.11460962900309823;;0.31057623000378953;;;;;;;;;;;;1.722511043997656;1.4438814180030022;1.9197136250004405;1.5497112929951982;1.6818337559961947;;2.217301042001054;;;13.25350593800249;12.478499874996487;12.209626442003355;12.037109205994057;12.220808436002699;;12.402504696001415;;;;;;;;;;;;0.20499714000470703;0.18143479200080037;0.20100558700505644;0.11849966100271558;0.06057970500114607;;0.19331098000111524;;;;;;;;;;
23;024_ca32be97.jpg;imagens/Celebrity Faces Dataset/Angelina Jolie/024_ca32be97.jpg;;0.2593722390010953;0.27727298399986466;0.25885771900357213;0.12932553499558708;0.05612238599860575;;0.2818893730000127;;;0.3171994049989735;0.28726461499900324;0.29185924799821805;0.1712275529935141;0.0807681770020281;;0.2737381679980899;;;;;;;;;;;;1.4541426699943258;1.3505332010026905;1.1774263850020361;1.0375493860046845;0.9842725300040911;;1.1722430599984364;;;10.591159618001257;10.557525099000486;11.184842900998774;10.741743761005637;10.085532757002511;;10.470126389998768;;;;;;;;;;;;0.1774718880042201;0.16286676099844044;0.162419519998366;0.09928032300376799;0.04356986800121376;;0.16703955000411952;;;;;;;;;;
24;025_41cee764.jpg;imagens/Celebrity Faces Dataset/Angelina Jolie/025_41cee764.jpg;;0.40495460300007835;0.35273132599832024;0.359026822996384;0.24646044099790743;0.12709825999627355;;0.3593820410023909;;;0.4889348159995279;0.2973999729947536;0.27708285500557395;0.18634912100242218;0.10616102699714247;;0.35847870799625525;;;;;;;;;;;;1.7082740400001057;2.191015530996083;2.2668972050014418;1.44924895499571;1.516813653994177;;2.4665384110048763;;;13.038723256002413;13.28425323299598;12.626195269003802;12.657112865003;13.299348792999808;;12.59032921299513;;;;;;;;;;;;0.1915077419980662;0.17593833400314907;0.178994836001948;0.10368214300251566;0.054960173001745716;;0.19571266200364335;;;;;;;;;;
25;026_2828fcaf.jpg;imagens/Celebrity Faces Dataset/Angelina Jolie/026_2828fcaf.jpg;;0.3702102989991545;0.43198079300054815;0.3009150409998256;0.21095681299630087;0.13703203499608207;;0.340319590002764;;;0.4193330389971379;0.32776602800004184;0.25776275499811163;0.17859780699654948;0.10713124599715229;;0.29173294700012775;;;;;;;;;;;;1.863172951998422;1.729308043999481;1.5410387349984376;1.4502628089976497;1.3626557359966682;;1.99046460599493;;;12.555274012993323;12.312555363001593;12.286134257999947;12.484977202002483;12.78863665300014;;12.426148120997823;;;;;;;;;;;;0.20241185700433562;0.19627012299315538;0.17550685899914242;0.10907757200038759;0.061361300002317876;;0.17969505999644753;;;;;;;;;;
26;027_58887f30.jpg;imagens/Celebrity Faces Dataset/Angelina Jolie/027_58887f30.jpg;;0.37873488100012764;0.39126464100263547;0.30660560300020734;0.21160965899616713;0.1362863109970931;;0.33222930999909295;;;0.3273661959974561;0.30327242000203114;0.30117052400601096;0.19690547099889955;0.16076704899751348;;0.37585417200170923;;;;;;;;;;;;1.5499422580032842;1.6436699530022452;1.4046624440015876;1.4391969130010693;1.5117507530012517;;2.3100560669990955;;;12.617475835002551;12.288811433005321;12.95803229000012;13.703650064002431;12.09168597000098;;12.23946172399883;;;;;;;;;;;;0.20242690900340676;0.21137082600034773;0.2108319949984434;0.12528439000016078;0.07619981199968606;;0.20862119399680523;;;;;;;;;;
27;028_6a0ff8de.jpg;imagens/Celebrity Faces Dataset/Angelina Jolie/028_6a0ff8de.jpg;;0.34618847299861955;0.36916335899877595;0.325734106998425;0.24017783100134693;0.12894427600258496;;0.3511663250028505;;;0.32123286300338805;0.334229066997068;0.24922523799614282;0.1893438850020175;0.1636166910029715;;0.3204862269994919;;;;;;;;;;;;2.2099339330015937;1.4637982040003408;1.4432669689995237;1.4054258079995634;1.3752825869960361;;1.5454634640045697;;;11.188997668999946;10.663607409995166;10.424922438003705;10.428624434003723;10.896225593998679;;10.6037014609974;;;;;;;;;;;;0.23950588499428704;0.20439818500017282;0.1827644369986956;0.10817619499721332;0.069119347994274;;0.19502140799886547;;;;;;;;;;
28;029_f2882b0d.jpg;imagens/Celebrity Faces Dataset/Angelina Jolie/029_f2882b0d.jpg;;0.28302832700137515;0.2918288860018947;0.2373449679944315;0.12878330000239657;0.07009673299762653;;0.27404813400062267;;;0.2943781610010774;0.25956857900018804;0.23546833000000333;0.18754019000334665;0.09883247800462414;;0.40435277199867414;;;;;;;;;;;;1.4347060929940199;1.1589480850016116;1.5174326699998346;1.0329625359954662;0.9322082979997504;;1.5070418319955934;;;13.801722260999668;13.753741346001334;13.205062551998708;12.695274313999107;13.874009762999776;;12.841428154999448;;;;;;;;;;;;0.21699467400321737;0.1996186989999842;0.18055378899589414;0.09409231100289617;0.05060953499923926;;0.16811732800124446;;;;;;;;;;
29;030_66bddeb6.jpg;imagens/Celebrity Faces Dataset/Angelina Jolie/030_66bddeb6.jpg;;0.5583169239980634;0.6906163659950835;0.4956491319971974;0.33228178600256797;0.17762710500392132;;0.6415974419942359;;;0.3150872550031636;0.29613455700018676;0.27420202599751065;0.15859810399706475;0.09479070299857995;;0.37189391299762065;;;;;;;;;;;;2.373639123994508;2.283438203005062;1.8606401889992412;1.623614682997868;1.4387860839997302;;2.0498412160013686;;;11.558366695004224;11.34773751800094;11.09956429599697;10.944884638993244;10.808343779994175;;11.062485515001754;;;;;;;;;;;;0.19683156500104815;0.18898670299677178;0.19373053000163054;0.08330305499839596;0.06283711700234562;;0.18600447400240228;;;;;;;;;;
30;031_2364f4d8.jpg;imagens/Celebrity Faces Dataset/Angelina Jolie/031_2364f4d8.jpg;;0.2661547009993228;0.29298134700366063;0.25204909199965186;0.15690420600003563;0.08737563300383044;;0.27584460000070976;;;0.2927096960047493;0.27136340500146616;0.3309703979975893;0.14753663400188088;0.07781046300078742;;0.3494806230009999;;;;;;;;;;;;1.4328284069997608;1.0883360320003703;1.1738409079989651;1.0306984549970366;0.9248665949999122;;1.0450556120049441;;;12.428082705002453;12.293151641002623;12.277951923999353;12.13820759599912;12.218428150001273;;12.804969046002952;;;;;;;;;;;;0.17978810500062536;0.20254994699644158;0.17165018300147494;0.09084988800168503;0.04450012199959019;;0.1775231849969714;;;;;;;;;;
31;032_db66bd61.jpg;imagens/Celebrity Faces Dataset/Angelina Jolie/032_db66bd61.jpg;;0.3952543749983306;0.41325026899721706;0.3476340029956191;0.25340787100140005;0.16297284999745898;;0.3613201080006547;;;0.3531554419969325;0.32578967399604153;0.27089279599749716;0.16258361200016225;0.146831468999153;;0.3159105049999198;;;;;;;;;;;;1.823121337001794;2.141926352996961;1.6373847789946012;1.4834264689998236;1.5955984390020603;;1.671588940997026;;;12.540034434001427;12.268194948999735;13.138100075004331;12.28805718899821;12.040518605994293;;13.040223673997389;;;;;;;;;;;;0.17770602599921403;0.2171834359978675;0.20869796500483062;0.10470118100056425;0.0670262060011737;;0.21414545900188386;;;;;;;;;;
32;033_23e68208.jpg;imagens/Celebrity Faces Dataset/Angelina Jolie/033_23e68208.jpg;;0.35846150200086413;0.4059798050002428;0.38251812900125515;0.23889487300039036;0.2260503619982046;;0.3718103310020524;;;0.33608468899910804;0.32945048099645646;0.3936233420026838;0.18606677200295962;0.14263475400366588;;0.31792276199848857;;;;;;;;;;;;1.786515830004646;1.82519012800185;1.7123324240019429;1.4296637650040793;1.3938720439982717;;1.681564332000562;;;13.60554530400259;12.77984416399704;12.439608123000653;13.703547744000389;12.555142574005004;;12.630672491999576;;;;;;;;;;;;0.21390764600073453;0.20381930899748113;0.20074018600280397;0.10172686800069641;0.06666412200138438;;0.21633250400191173;;;;;;;;;;
33;034_418fbbdb.jpg;imagens/Celebrity Faces Dataset/Angelina Jolie/034_418fbbdb.jpg;;0.32436749899352435;0.43451569399621803;0.3018220590020064;0.23257535500306403;0.13400396799988812;;0.3390092739937245;;;0.3262244629950146;0.32138028999906965;0.3768469040005584;0.16368671500094933;0.13092941499780864;;0.38960300700273365;;;;;;;;;;;;2.125893967000593;1.6927816700044787;2.1214273270015838;1.4605867350037443;1.5340053670006455;;2.1290539789988543;;;10.923786384002597;11.029683343003853;10.546710891001567;10.31546360500215;10.183314918998803;;10.547350436005217;;;;;;;;;;;;0.208207814997877;0.2198290169981192;0.1843687439977657;0.10272639700269792;0.061805622004612815;;0.1855379710032139;;;;;;;;;;
34;035_2e497561.jpg;imagens/Celebrity Faces Dataset/Angelina Jolie/035_2e497561.jpg;;0.3656991440002457;0.37479578600323293;0.32738853599585127;0.22981438700662693;0.15471013200294692;;0.3590737659978913;;;0.3116445429986925;0.33244944600301096;0.267177805006213;0.15571056100452552;0.11711156700039282;;0.3277681379986461;;;;;;;;;;;;1.9671804449972115;1.9233540569985053;2.597421531994769;1.727559477003524;1.840091546997428;;2.755873984999198;;;13.309792407999339;13.8202916109949;12.76684187399951;13.119515751997824;12.6367292740033;;12.680458475995692;;;;;;;;;;;;0.18695168100384763;0.20822859599866206;0.1626375249979901;0.11409888799971668;0.06914290300483117;;0.1950105300056748;;;;;;;;;;
35;036_3e807a88.jpg;imagens/Celebrity Faces Dataset/Angelina Jolie/036_3e807a88.jpg;;0.5646204490039963;0.6972869349992834;0.5125733140012017;0.3474939200023073;0.1591253769947798;;0.6029420120030409;;;0.34509929699561326;0.303387701002066;0.334574150001572;0.15559985100117046;0.11266080100176623;;0.2861686260002898;;;;;;;;;;;;1.7157586769972113;1.9802522739992128;2.256710469999234;1.4728414030032582;1.8937721740003326;;1.907391323999036;;;12.818494712002575;13.77276675900066;12.678466186996957;12.564573290001135;12.5995091290024;;12.822925452994241;;;;;;;;;;;;0.1870257330010645;0.2230789419991197;0.2012479459954193;0.11483597200276563;0.06446427099581342;;0.22292662000108976;;;;;;;;;;
36;037_62d00a09.jpg;imagens/Celebrity Faces Dataset/Angelina Jolie/037_62d00a09.jpg;;0.3566419390044757;0.4055481899995357;0.33850970700586913;0.208711728999333;0.1621667690051254;;0.35604418000002624;;;0.30719725100061623;0.29813703600666486;0.27237613900069846;0.17236533899995266;0.10757221099629533;;0.30322196499764686;;;;;;;;;;;;1.4749507899978198;1.7259461869980441;2.0248082210018765;1.5185437909967732;2.0000205670003197;;1.9605951409976115;;;10.741699402002268;10.482337888002803;10.421708355999726;10.440351067998563;10.791704196002684;;10.298151959003008;;;;;;;;;;;;0.19330611899931682;0.2142068660032237;0.2075525740001467;0.09390114599955268;0.0464196000029915;;0.19683619299757993;;;;;;;;;;
37;038_e40d5b16.jpg;imagens/Celebrity Faces Dataset/Angelina Jolie/038_e40d5b16.jpg;;0.368946116999723;0.37081051399582066;0.28195618099562125;0.28306016600254225;0.11454100900300546;;0.3239627319999272;;;0.2916558890065062;0.3004302179979277;0.2512931320015923;0.1697441569995135;0.11328184999729274;;0.345657088997541;;;;;;;;;;;;1.3997382359957555;1.5900236570014386;1.5570990940032061;1.5249770689988509;1.7472056260012323;;1.6251451770003769;;;10.692073755999445;10.523568485004944;10.70603987800132;10.414689083001576;10.18483734500478;;11.562379096001678;;;;;;;;;;;;0.1744742819937528;0.20858878900617128;0.2097430939975311;0.10909256900049513;0.04164786500041373;;0.19286788500176044;;;;;;;;;;
38;039_6b10ab98.jpg;imagens/Celebrity Faces Dataset/Angelina Jolie/039_6b10ab98.jpg;;0.328580936002254;0.3678370640045614;0.34669342499546474;0.21268775999487843;0.12761208700248972;;0.36328830900311004;;;0.3162892170003033;0.2921141069964506;0.36917496999376453;0.1610280539971427;0.10969053200096823;;0.276328829000704;;;;;;;;;;;;1.4191540729952976;1.4985094889998436;1.5781669999996666;1.3884137780041783;1.927510989997245;;1.5024837180026225;;;11.753924687000108;10.666131047000817;10.811315064005612;10.84175066500029;10.50727033700241;;11.94969123199553;;;;;;;;;;;;0.20043674800399458;0.19921002199407667;0.1784943579987157;0.10570403799647465;0.04967919799673837;;0.2009924369995133;;;;;;;;;;
39;040_2ef814c7.jpg;imagens/Celebrity Faces Dataset/Angelina Jolie/040_2ef814c7.jpg;;0.2590838160031126;0.3097410919945105;0.24332392400538083;0.14458513900171965;0.07058839999808697;;0.2810201190004591;;;0.28646123799990164;0.29494969100051094;0.2408867120029754;0.13662436999584315;0.07693993300199509;;0.2575849350032513;;;;;;;;;;;;0.9901644919955288;1.3921887280012015;1.1853880019989447;1.0755711320016417;1.1130326290003723;;1.091278780993889;;;11.374349796002207;10.739885791001143;11.031010410995805;10.64245301399933;11.642695082999126;;10.477186381001957;;;;;;;;;;;;0.1809688110006391;0.1907060570010799;0.16201423199527198;0.08559737099858467;0.033269644001848064;;0.18165014699479798;;;;;;;;;;
40;041_abf5c9cb.jpg;imagens/Celebrity Faces Dataset/Angelina Jolie/041_abf5c9cb.jpg;;0.32972885399794905;0.3580657959973905;0.29903213500074344;0.1706937819981249;0.11953829199774191;;0.3382156350053265;;;0.28032926000014413;0.29049883099651197;0.3541147200012347;0.1620696140016662;0.10833430600177962;;0.2829903540041414;;;;;;;;;;;;1.3696686059993226;1.5958588659996167;1.7072888699985924;1.5094468409952242;1.7360214439977426;;2.052078946995607;;;11.661751520994585;11.69560384900251;11.458062288002111;11.359388595999917;11.526863111997955;;12.593509612997877;;;;;;;;;;;;0.18899727200187044;0.22076213699619984;0.18803851299890084;0.08821592300228076;0.05960562900145305;;0.18297106100362726;;;;;;;;;;
41;042_2ccd070f.jpg;imagens/Celebrity Faces Dataset/Angelina Jolie/042_2ccd070f.jpg;;0.3976490150016616;0.4125474859974929;0.3198290479995194;0.24505176099773962;0.1680339960003039;;0.48273986500134924;;;0.31243040000117617;0.33484797999699367;0.249368972996308;0.17348119300004328;0.12879310899734264;;0.3581421299968497;;;;;;;;;;;;1.591015415993752;1.492591773996537;1.7113622929973644;1.482705491995148;1.8350104720011586;;1.8624988829978975;;;14.35442116199556;13.122619387999293;12.951708635999239;12.931729768999503;12.538538378001249;;20.67308452800353;;;;;;;;;;;;0.2087409590021707;0.20998253400466638;0.20535806199768558;0.10721126999851549;0.06929271799890557;;0.17921121399558615;;;;;;;;;;
42;043_b812749f.jpg;imagens/Celebrity Faces Dataset/Angelina Jolie/043_b812749f.jpg;;0.6443488869990688;0.7525264889991377;0.560581325997191;0.35457106299872976;0.182791952000116;;0.6464737529968261;;;0.31630090899852803;0.3327668450001511;0.36449701899982756;0.14595854300569044;0.1201308669988066;;0.3670977350047906;;;;;;;;;;;;1.6269827029973385;1.6675931069985381;1.6649562749953475;1.3211361990033765;1.6387417309961165;;2.0645462210013648;;;11.888240411004517;11.523261523994734;11.356166552999639;11.298762518999865;12.358607445996313;;11.80203066499962;;;;;;;;;;;;0.18587182899500476;0.20061136900039855;0.2000566569986404;0.10787976800202159;0.059421566998935305;;0.18307777900190558;;;;;;;;;;
43;044_512dfd33.jpg;imagens/Celebrity Faces Dataset/Angelina Jolie/044_512dfd33.jpg;;0.3676185370059102;0.3913330520008458;0.40237988399894675;0.19231803600268904;0.1336506899970118;;0.35213463100080844;;;0.3791572250047466;0.3095971419970738;0.28545909599779407;0.1575562930011074;0.08699712099769386;;0.34420200300519355;;;;;;;;;;;;1.727209035998385;1.750066817003244;1.9740932599961525;1.3087498219974805;1.5057906610018108;;1.8180614269949729;;;12.440016617001675;13.136418682996009;12.53695574500307;12.081820879997395;11.997441532999801;;12.094941479001136;;;;;;;;;;;;0.19362664200161817;0.19769497199740727;0.19214401300268946;0.12496392900357023;0.05215191299794242;;0.18352215399499983;;;;;;;;;;
44;045_c560251e.jpg;imagens/Celebrity Faces Dataset/Angelina Jolie/045_c560251e.jpg;;0.3364099339960376;0.33954734500002814;0.31579602300189435;0.1682688840010087;0.102543622997473;;0.377960741003335;;;0.33784566500253277;0.29986322300101165;0.29748722500517033;0.1469083039992256;0.09410799099714495;;0.34539122299611336;;;;;;;;;;;;1.6580223089986248;1.6246927410029457;1.9759175580038573;1.386004630003299;1.510789431995363;;1.4403252939955564;;;10.88859660700109;10.478956605002168;11.498261819004256;10.37451924400375;10.221508722002909;;10.436359073995845;;;;;;;;;;;;0.20477258000028087;0.20238233400596073;0.2142204340052558;0.10612592499819584;0.06948061000002781;;0.18406200600293232;;;;;;;;;;
45;046_d93a2c2d.jpg;imagens/Celebrity Faces Dataset/Angelina Jolie/046_d93a2c2d.jpg;;0.34796197200194;0.3711033400031738;0.2991252350038849;0.18353473100432893;0.14074193999840645;;0.36013646400533617;;;0.43180192199361045;0.3734633420026512;0.3473795620011515;0.1575785300010466;0.12382381399947917;;0.2990061890013749;;;;;;;;;;;;1.6937670139959664;1.796097751997877;1.6451917689992115;1.3997549990017433;1.4371871260009357;;1.4653945440004463;;;12.932656498000142;13.325673535000533;14.104684931997326;13.883631108998088;12.724522196003818;;12.803633340998203;;;;;;;;;;;;0.20491470200067852;0.21072798300156137;0.18544381000538124;0.11282670700165909;0.06815033900056733;;0.20544205799524207;;;;;;;;;;
46;047_5350c8c0.jpg;imagens/Celebrity Faces Dataset/Angelina Jolie/047_5350c8c0.jpg;;0.45232502699946053;0.36537353299354436;0.31305289300507866;0.1748906339998939;0.12861127300129738;;0.3598036059993319;;;0.36689490800199565;0.3118244860015693;0.3064765380040626;0.14797659999749158;0.10856189300102415;;0.29630031299893744;;;;;;;;;;;;1.9686071390024154;1.8433843899983913;2.023170319997007;1.4102194759980193;1.5416682610011776;;1.5700878310017288;;;11.301992584994878;10.328782987999148;10.934308584000973;10.77170480699715;11.208940219003125;;10.256471813001554;;;;;;;;;;;;0.20157007600209909;0.2221644759993069;0.21449864200258162;0.11975592499948107;0.06292879300599452;;0.1993874899999355;;;;;;;;;;
47;048_0a32a483.jpg;imagens/Celebrity Faces Dataset/Angelina Jolie/048_0a32a483.jpg;;0.453505766003218;0.3870362079978804;0.3139677049985039;0.2014528040017467;0.15653457900043577;;0.4658208159962669;;;0.3296384080022108;0.2976513929970679;0.24330841899791267;0.21428307099995436;0.09983966599975247;;0.2827297969997744;;;;;;;;;;;;1.6969873329944676;1.6081723969982704;1.9451533070023288;1.39116167499742;1.555620657003601;;1.566104607998568;;;13.019111453999358;12.875623711996013;13.348261438004556;12.767255627004488;12.761919317003048;;12.87011707900092;;;;;;;;;;;;0.1991949060029583;0.2244605349987978;0.19806820299709216;0.10530440000002272;0.0425440479957615;;0.19913911799812922;;;;;;;;;;
48;049_4d6df392.jpg;imagens/Celebrity Faces Dataset/Angelina Jolie/049_4d6df392.jpg;;0.3975210119970143;0.4026505299989367;0.29954731399629964;0.17745736500364728;0.13156024499767227;;0.4289904929974;;;0.4137224669975694;0.28311309999844525;0.30617857100151014;0.21260237200476695;0.08855632699851412;;0.2607549590029521;;;;;;;;;;;;1.7288450829946669;2.2171981900028186;1.7693954590067733;1.5177491380018182;1.6113973240062478;;2.3048874989981414;;;10.659868399001425;10.290166184000554;10.427075562998652;10.208101913995051;10.902878083004907;;10.900846290001937;;;;;;;;;;;;0.21558883599936962;0.22713371999998344;0.19186838300083764;0.11725409900100203;0.052964201000577305;;0.18378922600095393;;;;;;;;;;
49;050_7c5b026c.jpg;imagens/Celebrity Faces Dataset/Angelina Jolie/050_7c5b026c.jpg;;0.4495792669986258;0.39845597900421126;0.32937865299754776;0.21946985000249697;0.17300323599920375;;0.4138735809974605;;;0.3289266510037123;0.31816875899676234;0.2663832159960293;0.20742667900049128;0.1379591660006554;;0.3029428910012939;;;;;;;;;;;;1.7352642699988792;1.5241359989959165;1.6138268729991978;1.4267013770004269;1.6379533729996183;;1.4951011709999875;;;13.23343522399955;14.253018164999958;12.910348090998014;13.506658361002337;12.622255148002296;;12.906852908003202;;;;;;;;;;;;0.20829549799964298;0.2371265809997567;0.19318331200338434;0.12135804900026415;0.07175494900002377;;0.2119360599972424;;;;;;;;;;
50;051_268fdfd7.jpg;imagens/Celebrity Faces Dataset/Angelina Jolie/051_268fdfd7.jpg;;0.45300097199651645;0.40229322599770967;0.3533870829996886;0.2053381170044304;0.1625531210011104;;0.47447032899799524;;;0.46976543999335263;0.32844034399749944;0.5073349770027562;0.24191949300438864;0.14179310499457642;;0.33267933699971763;;;;;;;;;;;;1.7240458509986638;1.8937016120034968;1.7878783039996051;1.542414983996423;1.744490388999111;;1.956727612996474;;;11.827651589999732;11.85303567599476;12.476844074000837;11.578959958998894;12.572792970997398;;12.66275894199498;;;;;;;;;;;;0.195829798001796;0.2097653149976395;0.19085801699839067;0.10357518799719401;0.06032520200096769;;0.18421159699937562;;;;;;;;;;
51;052_6db5f5bf.jpg;imagens/Celebrity Faces Dataset/Angelina Jolie/052_6db5f5bf.jpg;;0.40344678700057557;0.38825637100671884;0.3172524519977742;0.2043633789944579;0.15478298300149618;;0.5835390200008987;;;0.3612429450004129;0.30378170200128807;0.38299437100067735;0.18672537699603708;0.10418015799950808;;0.2913544900002307;;;;;;;;;;;;1.7997912599967094;1.9303097180018085;1.8323708999960218;1.5204028880034457;1.6386947600040003;;2.052774315998249;;;13.699974600000132;12.474091280004359;12.63895845299703;12.592005542006518;12.665000911998504;;12.45316712299973;;;;;;;;;;;;0.19927445700159296;0.2324148640036583;0.19252626699744724;0.10828503999800887;0.060902953999175224;;0.18807736000599107;;;;;;;;;;
52;053_05c78fa1.jpg;imagens/Celebrity Faces Dataset/Angelina Jolie/053_05c78fa1.jpg;;0.3816014449985232;0.39363697500084527;0.3215715439946507;0.19952241700229933;0.15694708000228275;;0.3845753819987294;;;0.5039585960039403;0.28606421100266743;0.3065256959962426;0.24080798200157005;0.10961378399952082;;0.28309581999928923;;;;;;;;;;;;1.8106332330062287;1.524640826995892;1.718895526995766;1.357705098002043;1.9099288979996345;;1.5211663369991584;;;10.556890823994763;10.512923059999594;10.339785436000966;10.336753263996798;10.616331370001717;;10.436185091995867;;;;;;;;;;;;0.19863690700003644;0.22759165799652692;0.190235419999226;0.11086556999362074;0.06511347999912687;;0.200654749001842;;;;;;;;;;
53;054_7ba62f81.jpg;imagens/Celebrity Faces Dataset/Angelina Jolie/054_7ba62f81.jpg;;0.40771908400347456;0.43736816300224746;0.3171750039982726;0.2201339099992765;0.1428362919978099;;0.3978066999989096;;;0.4855099970009178;0.303853370998695;0.3205676669967943;0.16454274200077634;0.10877472400170518;;0.3424732019993826;;;;;;;;;;;;1.488543822997599;1.5321693400037475;1.495131832001789;1.4995842279968201;1.807884556998033;;1.5112408470013179;;;10.759729607001645;10.347143838000193;10.890542270004516;10.248475035994488;10.253330804000143;;10.430118103002314;;;;;;;;;;;;0.2221994249994168;0.21478506699349964;0.20136209100019187;0.1323107220014208;0.06951705199753633;;0.21318018499732716;;;;;;;;;;
54;055_aaaf063c.jpg;imagens/Celebrity Faces Dataset/Angelina Jolie/055_aaaf063c.jpg;;0.317689616997086;0.37757211200369056;0.23474168599932455;0.11184139599936316;0.05592404399794759;;0.30154596400097944;;;0.4222846760021639;0.27747853199980455;0.26592252800037386;0.15387495399772888;0.1529898150038207;;0.29130911500396905;;;;;;;;;;;;1.1452595540031325;1.0904109660041286;1.1292773930035764;1.0398527659999672;1.1839999129952048;;1.1159968489955645;;;12.897637162001047;12.514505637002003;12.48542087199894;13.28667557099834;12.439170666999416;;13.130940025999735;;;;;;;;;;;;0.18881303400121396;0.1986349969956791;0.1742316839954583;0.093316707003396;0.0447758119989885;;0.170096329995431;;;;;;;;;;
55;056_97412d14.jpg;imagens/Celebrity Faces Dataset/Angelina Jolie/056_97412d14.jpg;;0.3664428029951523;0.36878066699864576;0.30433532100141747;0.16816148200450698;0.14002122799865901;;0.3531797820032807;;;0.4415309000032721;0.2881380669932696;0.2931836409989046;0.13138762700691586;0.08183593500143616;;0.2601713359981659;;;;;;;;;;;;1.5025046290029422;1.8903529189992696;1.5939209919961286;1.5660091580066364;1.9622265610014438;;2.184416725001938;;;12.95691745300428;13.796893059996364;14.168126910000865;12.625096186995506;13.514367057003255;;12.96277438600373;;;;;;;;;;;;0.2029762309975922;0.204614230999141;0.18882884599588579;0.11898316199949477;0.05075927199504804;;0.1818197750035324;;;;;;;;;;
56;057_7f34f0f4.jpg;imagens/Celebrity Faces Dataset/Angelina Jolie/057_7f34f0f4.jpg;;0.35848133100080304;0.371032348004519;0.30696153200551635;0.19139896200067597;0.12778555300610606;;0.3464337269979296;;;0.3447420339944074;0.30974805299774744;0.3136209139993298;0.12820391399873188;0.07835613699717214;;0.3333337560034124;;;;;;;;;;;;1.7432840879992;1.6463724149944028;1.575611962005496;1.4161699489995954;2.5332007969991537;;1.7479197060019942;;;12.602608724002494;12.284902598999906;12.43315662000532;12.284812731006241;12.053690911998274;;12.182355074000952;;;;;;;;;;;;0.18835213300189935;0.21198855300463038;0.17646288199466653;0.09524361500371015;0.056223596999188885;;0.19999024299613666;;;;;;;;;;
57;058_02860eff.jpg;imagens/Celebrity Faces Dataset/Angelina Jolie/058_02860eff.jpg;;0.4128471049989457;0.4113943499978632;0.3508697870056494;0.21764550099760527;0.1853186110020033;;0.3765905449981801;;;0.333581865997985;0.30228327000077115;0.30455588400218403;0.1772605639998801;0.10511378199589672;;0.3243826129983063;;;;;;;;;;;;1.603271168001811;1.8838196299984702;1.5060066690057283;1.4215099540015217;2.497319709000294;;2.417225484001392;;;14.406379066000227;13.962797493994003;12.705490744003328;12.72817470299924;13.56715129299846;;13.361294718000863;;;;;;;;;;;;0.20370744099636795;0.19103205199644435;0.1973161389978486;0.09554119699896546;0.07333686299534747;;0.20044539099762915;;;;;;;;;;
58;059_df425619.jpg;imagens/Celebrity Faces Dataset/Angelina Jolie/059_df425619.jpg;;0.375643327999569;0.37226582699804567;0.3092621940013487;0.18968290500197327;0.13268014299683273;;0.3883819210022921;;;0.3270189719987684;0.3008207040038542;0.2657878370009712;0.16827493900200352;0.09535215300275013;;0.285932637998485;;;;;;;;;;;;1.6512410329960403;1.6273924620036269;1.5336311309947632;1.5113125299976673;1.8689114389999304;;2.2185280630001216;;;11.810531686001923;10.254360669998277;10.41465094799787;10.215225300999009;10.262291795996134;;10.335554482000589;;;;;;;;;;;;0.1853880400012713;0.18280674400011776;0.2021273909995216;0.10399962999508716;0.05759323300299002;;0.1951564339979086;;;;;;;;;;
59;060_4037f0f7.jpg;imagens/Celebrity Faces Dataset/Angelina Jolie/060_4037f0f7.jpg;;0.3522682210023049;0.4984970660007093;0.2899012780035264;0.15337257699866313;0.09300380500644678;;0.33773564900184283;;;0.3215607439997257;0.27021082599821966;0.2827500439962023;0.1500830209988635;0.13994729199475842;;0.29925614700187;;;;;;;;;;;;1.3956121130031534;1.521158846000617;1.5022695060033584;1.4453787359962007;2.148438507996616;;1.582433597999625;;;11.603890865000722;11.952716776999296;11.147976088999712;11.118999729005736;11.46179402100097;;12.299550058996829;;;;;;;;;;;;0.18794486700062407;0.20399604400154203;0.1994902779988479;0.09081384400633397;0.06478042100206949;;0.18182883599365596;;;;;;;;;;
60;061_e18ba2b0.jpg;imagens/Celebrity Faces Dataset/Angelina Jolie/061_e18ba2b0.jpg;;;;;;;;;;;0.31498135100264335;0.26587098500021966;0.3165681040045456;0.13850348399864743;0.09532392799883382;;0.2922117039997829;;;;;;;;;;;;1.515512123994995;1.514798376003455;1.518151399002818;1.489059924002504;1.4702511799987406;;1.7390183710012934;;;13.0892812029997;12.717610457999399;13.430381041005603;12.874716903999797;13.492889935994754;;12.832084357003623;;;;;;;;;;;;0.21803145200101426;0.20510362700588303;0.2013208950011176;0.0979625979962293;0.06619130599574419;;0.20257299699733267;;;;;;;;;;
61;062_6aa9cf8f.jpg;imagens/Celebrity Faces Dataset/Angelina Jolie/062_6aa9cf8f.jpg;;0.4087617099939962;0.4825876059985603;0.3198817919983412;0.19984684299561195;0.15095160400233;;0.36810336500639096;;;0.31782776100590127;0.2845888880037819;0.28706208799849264;0.15585568100505043;0.10149244800413726;;0.2838261529977899;;;;;;;;;;;;1.778638088995649;1.5634362819982925;1.614577232998272;1.5809681320024538;1.926481798000168;;1.8762113869961468;;;12.867809864001174;12.620775001996662;12.743015959000331;12.599296856002184;13.355589976003102;;12.580801824005903;;;;;;;;;;;;0.19888109299790813;0.1974040619970765;0.17384885699721053;0.10988847700355109;0.06283592899853829;;0.1904124370048521;;;;;;;;;;
62;063_c486d5ef.jpg;imagens/Celebrity Faces Dataset/Angelina Jolie/063_c486d5ef.jpg;;0.37709809000079986;0.5076782499963883;0.30634499699954176;0.21704188200237695;0.1485570440054289;;0.3269480810049572;;;0.37063159800163703;0.3365211199998157;0.31047067300096387;0.1644554880040232;0.12889075099519687;;0.3278482330060797;;;;;;;;;;;;1.426919313002145;1.7005107840013807;1.4820781249945867;1.4602780599961989;1.9447655900003156;;1.5241315710009076;;;12.857797543001652;12.900006202995428;12.596550367998134;12.697530613004346;12.662866452003072;;12.884052048997546;;;;;;;;;;;;0.2039629770006286;0.21637200099939946;0.1954543189931428;0.09110706399951596;0.06252870299795177;;0.19121650099987164;;;;;;;;;;
63;064_0de68937.jpg;imagens/Celebrity Faces Dataset/Angelina Jolie/064_0de68937.jpg;;0.3560472910030512;0.3873435679997783;0.30563992299721576;0.24515692199929617;0.12613740599772427;;0.3286943359998986;;;0.3747091619952698;0.3406070430064574;0.2736017220013309;0.1819804840051802;0.1867887990010786;;0.33591203799733194;;;;;;;;;;;;1.3657603390020085;1.9590824850019999;1.5159456429973943;1.313537494999764;1.282188514000154;;1.434812523999426;;;10.758227263999288;10.27191481400223;10.48815395499696;10.23790626799746;10.26895294899441;;10.346841686005064;;;;;;;;;;;;0.202545703999931;0.2026516189944232;0.1866219869989436;0.08392696699593216;0.07464501999493223;;0.18132365400379058;;;;;;;;;;
64;065_689150aa.jpg;imagens/Celebrity Faces Dataset/Angelina Jolie/065_689150aa.jpg;;0.41645305400015786;0.40048525600286666;0.3461559539937298;0.3277671219984768;0.17493517299590167;;0.3810650409941445;;;0.3209564000062528;0.302717101003509;0.318616695003584;0.23552471899893135;0.10831734500243329;;0.28066168499935884;;;;;;;;;;;;1.573196868004743;2.1013416269997833;1.5285121779961628;1.6045225029956782;1.2906246359998477;;1.5657592419956927;;;13.069329575002484;13.006752849003533;12.796912582001823;12.860791546998371;12.671338587999344;;12.873467213998083;;;;;;;;;;;;0.21118981600011466;0.19003185000474332;0.2025661139996373;0.09399236599711003;0.05373548900388414;;0.19531357500090962;;;;;;;;;;
65;066_b378479b.jpg;imagens/Celebrity Faces Dataset/Angelina Jolie/066_b378479b.jpg;;0.44959019900124986;0.37830725100502605;0.3882002669997746;0.24460037199605722;0.16538939900055993;;0.34463628199591767;;;0.34499762899940833;0.30450830499466974;0.29175335300533334;0.19252074899850413;0.21881149700493552;;0.5124151880008867;;;;;;;;;;;;1.484935096996196;1.599981333994947;1.526692474995798;2.0779877599998144;1.654890288002207;;1.6082274799991865;;;13.051215851999586;12.76806678599678;12.798359596999944;12.668005251995055;12.733364022002206;;12.963034637003148;;;;;;;;;;;;0.18725916800030973;0.19954507100192131;0.22830293399601942;0.09609981000539847;0.07179083999653812;;0.18891010899824323;;;;;;;;;;
66;067_ff52c2fe.jpg;imagens/Celebrity Faces Dataset/Angelina Jolie/067_ff52c2fe.jpg;;0.41166035200149054;0.31927394500235096;0.27717347600264475;0.22045228200295242;0.1098363769997377;;0.3249077820000821;;;0.31074987500323914;0.27500414599489886;0.2628988180003944;0.14951832500082674;0.17252186100085964;;0.40906144399923505;;;;;;;;;;;;1.3773444469989045;1.4751244650033186;1.5581947320024483;1.9248458399961237;1.8619313269955455;;4.440508018000401;;;12.72659219900379;12.470894612997654;12.539095701002225;12.473181237000972;12.755598107003607;;12.37778504799644;;;;;;;;;;;;0.20522694100509398;0.19408856100199046;0.20452089900209103;0.11639811799977906;0.05819572800101014;;0.18132904500089353;;;;;;;;;;
67;068_2fb110d1.jpg;imagens/Celebrity Faces Dataset/Angelina Jolie/068_2fb110d1.jpg;;0.4044170050037792;0.4558632740008761;0.31543171100202017;0.2492733559993212;0.15266468699701363;;0.3535579300005338;;;0.3371851279953262;0.3046656759979669;0.29421796100359643;0.1819265020021703;0.17182225699798437;;0.4482037039997522;;;;;;;;;;;;1.496631226997124;1.5134141070011538;1.487263383998652;2.0702439340020646;1.6290661559978616;;5.33242563100066;;;10.47347298800014;10.596422545997484;10.965233253999031;11.477861758998188;10.73158731800504;;10.50493914099934;;;;;;;;;;;;0.20522908300335985;0.2034841150016291;0.1880148080017534;0.11355193200142821;0.07256695599789964;;0.20864822599833133;;;;;;;;;;
68;069_9d0e44d5.jpg;imagens/Celebrity Faces Dataset/Angelina Jolie/069_9d0e44d5.jpg;;0.35257807599555235;0.4256947119938559;0.2800285960038309;0.21863306699378882;0.09827061699616024;;0.3271432769979583;;;0.3336438719998114;0.28813254200213123;0.2744147310004337;0.16536557200015523;0.16830004700022982;;0.3855563820034149;;;;;;;;;;;;1.5412250740046147;1.5597303850008757;1.4341108849985176;1.6492186120012775;1.7181866750033805;;5.016872931002581;;;13.471110329999647;13.58643846600171;12.730063807000988;12.543399351001426;12.478692433003744;;12.657475523999892;;;;;;;;;;;;0.208267848000105;0.19341036200057715;0.18530099599593086;0.10066135699889855;0.06651957300346112;;0.18603580099443207;;;;;;;;;;
69;070_1a4312d2.jpg;imagens/Celebrity Faces Dataset/Angelina Jolie/070_1a4312d2.jpg;;0.36136048899788875;0.45809974300209433;0.3080347740033176;0.2541961119932239;0.1470532599996659;;0.3409763870004099;;;0.3411243989976356;0.3063514659952489;0.31516479499987327;0.1556272660018294;0.08997519800323062;;0.46403099799499614;;;;;;;;;;;;1.60368182399543;1.611062078998657;1.6320579089951934;1.6054797140022856;1.6056230179965496;;4.887240584997926;;;11.238256237993483;12.128468358001555;11.08632015400508;11.22825262400147;11.06875336899975;;11.257987864002644;;;;;;;;;;;;0.19827429400174879;0.18489476700051455;0.20030106899503153;0.09619029700115789;0.0723931510001421;;0.20200253799703205;;;;;;;;;;
70;071_b537dbca.jpg;imagens/Celebrity Faces Dataset/Angelina Jolie/071_b537dbca.jpg;;0.28206677900016075;0.3393693300022278;0.2304813020018628;0.16603483499784488;0.05869345599785447;;0.32899310199718457;;;0.5992105619952781;0.2879852469995967;0.2810402850009268;0.14058393600134877;0.12721016000432428;;0.37603781199868536;;;;;;;;;;;;0.9988215199991828;1.6126990679986193;1.117325268998684;1.284970354005054;0.9314849479997065;;2.84120542799792;;;12.820118240000738;12.446648241995717;12.98891207199631;12.277548892001505;12.58364056100254;;12.60162892799417;;;;;;;;;;;;0.18022091899911175;0.17374826499872142;0.1808084010044695;0.07882365200202912;0.03893048899772111;;0.17077665500255534;;;;;;;;;;
71;072_8d068904.jpg;imagens/Celebrity Faces Dataset/Angelina Jolie/072_8d068904.jpg;;0.4218624620043556;0.46524392499850364;0.32619817800150486;0.27190032599901315;0.17649897699448047;;0.37658165900211316;;;0.368641746994399;0.32147442300629336;0.2916643139978987;0.17912264800543198;0.11352293699746951;;0.40501971099729417;;;;;;;;;;;;1.701895087993762;1.937409607002337;1.5450402310016216;1.745938672000193;1.4276639879972208;;4.667704225998023;;;13.48390966399893;12.727341767000325;13.036080087003938;13.034950329005369;12.461534441994445;;12.668597259995295;;;;;;;;;;;;0.20079459599946858;0.19709563100332161;0.19511724499898264;0.10078037999483058;0.041093658001045696;;0.1666509019996738;;;;;;;;;;
72;073_9f1d377a.jpg;imagens/Celebrity Faces Dataset/Angelina Jolie/073_9f1d377a.jpg;;0.3857071700040251;0.5632557599965367;0.3579843599945889;0.26741493699955754;0.16540051699848846;;0.35102140699746087;;;0.3851212619993021;0.33213577599963173;0.2975612860027468;0.18418836199998623;0.12857924100535456;;0.48451692199887475;;;;;;;;;;;;1.6440104779976537;1.857640663998609;1.6228805999999167;2.0609785439955886;1.3568325689993799;;5.312416016000498;;;12.71590290000313;12.633990916001494;12.466116497998883;12.429427747003501;12.486048853003012;;13.297707133002405;;;;;;;;;;;;0.19437683000433026;0.2232531449990347;0.16433859999960987;0.10315256400645012;0.05901726400043117;;0.20449815099709667;;;;;;;;;;
73;074_0ec79719.jpg;imagens/Celebrity Faces Dataset/Angelina Jolie/074_0ec79719.jpg;;0.3566521240063594;0.3582430989990826;0.3391135120036779;0.34358912999596214;0.12145799299469218;;0.3313567509976565;;;0.3324013300007209;0.29103704600129277;0.30470492999302223;0.1474094290024368;0.12068529699899955;;0.3349119630001951;;;;;;;;;;;;1.5772870940054418;1.4881585019975319;1.5166951129940571;1.8306988769982127;1.512123545006034;;4.390959522999765;;;10.734427976996813;10.396776052002679;11.464114640002663;10.283811819994298;10.410872970001947;;10.287711955003033;;;;;;;;;;;;0.191170645004604;0.19521428499865578;0.18851119199825916;0.09172898100223392;0.06736781800282188;;0.17701683099585352;;;;;;;;;;
74;075_4c504eec.jpg;imagens/Celebrity Faces Dataset/Angelina Jolie/075_4c504eec.jpg;;;;;;;;;;;0.311131584996474;0.27605691800272325;0.2452959810034372;0.16012446200329578;0.1468838520013378;;0.3302813240006799;;;;;;;;;;;;1.6801475129977916;1.4780921429992304;1.5126967670003069;2.1327072080021026;1.281937799998559;;4.653642684999795;;;11.439903749997029;10.733360074002121;10.607760623002832;10.673662191999028;10.487767375001567;;10.740412202001608;;;;;;;;;;;;;;;;;;;;;;;;;;;;
75;076_1d914d5b.jpg;imagens/Celebrity Faces Dataset/Angelina Jolie/076_1d914d5b.jpg;;0.6232720650004921;0.7303702319986769;0.5454183229958289;0.3837249319985858;0.1818624119987362;;0.5909959389973665;;;0.5743926029972499;0.561066367001331;0.5349777509982232;0.24252671499561984;0.21125125900289277;;0.6489109649992315;;;;;;;;;;;;2.4453316719955183;2.3886055770053645;2.3435351549996994;2.691659067000728;1.598339266005496;;6.519205737000448;;;13.053437662005308;12.766610448001302;12.681193590993644;12.375056507997215;13.057435574002739;;12.751165621004475;;;;;;;;;;;;0.18796792400098639;0.23948908500460675;0.20081123399722856;0.0887184849998448;0.06312119200447341;;0.19056793899653712;;;;;;;;;;
76;077_27650aa3.jpg;imagens/Celebrity Faces Dataset/Angelina Jolie/077_27650aa3.jpg;;0.646155958995223;0.6869345009981771;0.5355103350011632;0.31364509500417626;0.2120825150050223;;0.5844857539996156;;;0.34254872399469605;0.3069694180012448;0.2939286689943401;0.14154200100165326;0.16489692900358932;;0.33234119900589576;;;;;;;;;;;;1.4087448430000222;1.5035273109970149;1.5241929789990536;2.1103266670033918;2.448783216997981;;5.652304704999551;;;13.591769814003783;13.625145727004565;14.250555968996196;14.393784874999255;12.62415844899806;;13.05871442699572;;;;;;;;;;;;0.205077999002242;0.184334249002859;0.18204806499852566;0.1034576099991682;0.06237215299915988;;0.20825569199951133;;;;;;;;;;
77;078_044866e7.jpg;imagens/Celebrity Faces Dataset/Angelina Jolie/078_044866e7.jpg;;0.3659350359957898;0.36548747200140497;0.35184557699540164;0.2347187820050749;0.16486985600204207;;0.3522321920027025;;;0.374546081002336;0.3251765870008967;0.3535389659955399;0.15989917200204218;0.09008933499717386;;0.3509530220035231;;;;;;;;;;;;1.5038945750056882;1.978503564001585;1.596415102998435;2.1463890290033305;1.8244662369979778;;4.974281921997317;;;11.707210129003215;11.61557091299619;10.766355223000573;10.33317521400022;10.335535758997139;;10.536436008995224;;;;;;;;;;;;0.20066958799725398;0.20358663499791874;0.22422958400420612;0.10446991299977526;0.06682148599793436;;0.1900516410023556;;;;;;;;;;
78;079_40a598dc.jpg;imagens/Celebrity Faces Dataset/Angelina Jolie/079_40a598dc.jpg;;0.4191351140034385;0.4809626440037391;0.39966612099669874;0.2270376629967359;0.15753405400027987;;0.3550608020013897;;;0.3266100120017654;0.2922096749971388;0.29221062600117875;0.1603365839982871;0.11158360500121489;;0.31722891699610045;;;;;;;;;;;;1.420145219002734;2.2660972340017906;1.5178608739952324;1.8202632399988943;1.53868619199784;;5.057249538003816;;;13.260714513999119;12.809694037001464;12.953562538001279;12.651813887998287;12.727561093000986;;13.485727851002594;;;;;;;;;;;;0.20213640199654037;0.19873229999939213;0.1758702200022526;0.11450600299576763;0.0888030060013989;;0.19851427400135435;;;;;;;;;;
79;080_e998ab00.jpg;imagens/Celebrity Faces Dataset/Angelina Jolie/080_e998ab00.jpg;;0.3629249500008882;0.385777978997794;0.41827451399876736;0.2187265859975014;0.1519313270036946;;0.29895028399914736;;;0.35804723600449506;0.2789607180020539;0.3611688419987331;0.13681825200183084;0.0867701550014317;;0.2999947760035866;;;;;;;;;;;;1.8574111350026214;2.1557206840006984;1.7944972580007743;1.968712169000355;1.9177283160024672;;6.548178470002313;;;11.36699589699856;10.697227792996273;10.448268362997624;10.444385277995025;10.18987072299933;;10.574865841001156;;;;;;;;;;;;0.19417943799635395;0.20168740000372054;0.1883704120045877;0.09712425000179792;0.05118302199844038;;0.19351528699917253;;;;;;;;;;
80;081_12fb31ec.jpg;imagens/Celebrity Faces Dataset/Angelina Jolie/081_12fb31ec.jpg;;0.5938981250001234;0.6673227020000922;0.5714526019946788;0.4536453869950492;0.18307278700376628;;0.5494249370021862;;;0.3138077149997116;0.2847250000049826;0.35014935000072;0.16078174900030717;0.13655163400107995;;0.32369219900283497;;;;;;;;;;;;1.7002045379995252;1.8577727029987727;1.8742809200048214;2.036541875000694;1.5261803949979367;;5.193705723002495;;;12.280532533004589;12.510638363004546;11.963967639996554;11.719309725995117;11.721297908996348;;12.03773840800568;;;;;;;;;;;;0.19652444800158264;0.20421231399814133;0.1949530239944579;0.10110851900390116;0.07022451199736679;;0.18958580999606056;;;;;;;;;;
81;082_047778bb.jpg;imagens/Celebrity Faces Dataset/Angelina Jolie/082_047778bb.jpg;;0.37486574099602876;0.4080144059989834;0.32309827399876667;0.25541487999726087;0.18114737499854527;;0.34582478900119895;;;0.33927356399362907;0.3708998799993424;0.3207221379998373;0.16447340400191024;0.14403676000074483;;0.2971536449986161;;;;;;;;;;;;1.4495441800027038;1.7297900350022246;1.5511259799968684;1.718468674000178;1.3801721439958783;;5.50289192499622;;;10.578886028000852;10.42467321100412;10.470927089001634;10.382535238997662;11.354058951001207;;10.906251979002263;;;;;;;;;;;;0.2069235429953551;0.20438663400273072;0.19955793199915206;0.08106703499652212;0.054683818998455536;;0.2035107589981635;;;;;;;;;;
82;083_bdada1e2.jpg;imagens/Celebrity Faces Dataset/Angelina Jolie/083_bdada1e2.jpg;;0.34208777399908286;0.3624333339976147;0.3037490919959964;0.23312978399917483;0.1336658720028936;;0.344427652999002;;;0.3373048969951924;0.38811482900200645;0.37663177799549885;0.14567495899973437;0.13254090899863513;;0.310982648996287;;;;;;;;;;;;1.4223492710007122;1.5055014730023686;1.5468162409961224;1.7138863340005628;1.501550472996314;;4.041867617001117;;;10.731311817995447;10.571684234004351;10.296909700999095;10.425822732002416;10.29874905399629;;11.04501934000291;;;;;;;;;;;;0.2022519139936776;0.19441632199595915;0.1953765879952698;0.10834938400512328;0.07829583800048567;;0.21248374900460476;;;;;;;;;;
83;084_da751ddd.jpg;imagens/Celebrity Faces Dataset/Angelina Jolie/084_da751ddd.jpg;;0.32257904600555776;0.3570050109992735;0.28844695600128034;0.1879306769988034;0.12180171799991513;;0.31220735699753277;;;0.39051077499607345;0.36825347999547375;0.289430832999642;0.15001980499800993;0.11017870100477012;;0.3940891579986783;;;;;;;;;;;;1.6778867979955976;1.6592091210040962;1.5301353539980482;2.0266130870004417;1.7690343799986294;;4.73665697999968;;;12.918489201001648;12.552115354003035;12.68114026600233;12.420676948997425;12.582514684996568;;13.558742695997353;;;;;;;;;;;;0.20204091699997662;0.2655346290048328;0.20372105100250337;0.09853997800382785;0.063493854002445;;0.17480298900045455;;;;;;;;;;
84;085_f579db33.jpg;imagens/Celebrity Faces Dataset/Angelina Jolie/085_f579db33.jpg;;0.6453259609988891;0.7313127950037597;0.5737347320027766;0.3412116330000572;0.18015395299880765;;0.6246090999993612;;;0.3461064209986944;0.4217644900054438;0.32881434400042053;0.1532191439982853;0.1055003899964504;;0.356044763000682;;;;;;;;;;;;1.7752054640004644;1.773598679996212;1.565413176002039;2.021386126994912;1.55638433599961;;5.996881580998888;;;13.740249802001927;12.938082013002713;12.949998916999903;12.88324591399578;12.547977016001823;;13.026108990998182;;;;;;;;;;;;0.20523404700361425;0.18854362099955324;0.177299001996289;0.09323624799435493;0.06891386600182159;;0.2149055799964117;;;;;;;;;;
85;086_f2c730f3.jpg;imagens/Celebrity Faces Dataset/Angelina Jolie/086_f2c730f3.jpg;;0.31974391299445415;0.3538616349978838;0.30161515199870337;0.217894310997508;0.11711429600109113;;0.3637788170017302;;;0.3423074699967401;0.4901554690004559;0.2778649550018599;0.15801184700103477;0.13549226399481995;;0.3451510890008649;;;;;;;;;;;;1.7941966549988138;1.4916932869964512;1.4597532949992456;1.8656576959983795;1.4617559050020645;;4.664695647996268;;;10.691585515000043;10.41849218099378;11.14997956300067;10.2756348719995;10.534295827004826;;11.236073252999631;;;;;;;;;;;;0.20575746900431113;0.20856453600572422;0.17303098300180864;0.10364650700648781;0.06374279599549482;;0.20539655500033405;;;;;;;;;;
86;087_f325890f.jpg;imagens/Celebrity Faces Dataset/Angelina Jolie/087_f325890f.jpg;;0.3701589730044361;0.37319007699989015;0.312685301003512;0.2235600540006999;0.13689864100160776;;0.3537503790066694;;;0.29820671299967216;0.36993050000455696;0.3301039649959421;0.24681201799830887;0.10939371299900813;;0.3514438220008742;;;;;;;;;;;;1.5055294740013778;1.814617083997291;1.5124576169982902;1.931793618001393;1.4827726340008667;;4.666296463998151;;;13.029010293001193;13.361315855006978;12.878392432998226;13.450330173000111;13.996376867995423;;12.67258638900239;;;;;;;;;;;;0.1901103720010724;0.21478640900022583;0.19837670699780574;0.0985712469991995;0.06430293000448728;;0.1885393379998277;;;;;;;;;;
87;088_029ffc54.jpg;imagens/Celebrity Faces Dataset/Angelina Jolie/088_029ffc54.jpg;;0.30697051999595715;0.3377286559989443;0.2665587820010842;0.1719240510064992;0.10042368200083729;;0.31289732000004733;;;0.2898333269986324;0.3170204029956949;0.25877322100132005;0.16962911999871721;0.1073429610041785;;0.2830454240029212;;;;;;;;;;;;1.5140331679940573;1.8404343180009164;1.6083504560010624;1.8890520089989877;1.568517644998792;;5.110248149001563;;;10.741702713996347;10.803455761000805;11.178627840003173;10.697663172999455;10.390308613998059;;10.664790626004105;;;;;;;;;;;;0.20751319900591625;0.19987750599830179;0.18302078799752053;0.11057042399625061;0.07220388499990804;;0.1815749150046031;;;;;;;;;;
88;089_33e36564.jpg;imagens/Celebrity Faces Dataset/Angelina Jolie/089_33e36564.jpg;;0.37160753100033617;0.39184276000014506;0.3449499170019408;0.25373767200653674;0.17784096699324436;;0.38460281299921917;;;0.3181727819974185;0.30689069099753397;0.2474233740067575;0.1959319469970069;0.11660267099796329;;0.40637390799383866;;;;;;;;;;;;1.50964672799455;1.658113196004706;1.5766317489978974;1.7726641679983004;1.6643483090010704;;5.0093907169939484;;;13.30973799200001;12.233964289996948;12.453463997000654;13.083750808000332;12.265915873002086;;12.648427206004271;;;;;;;;;;;;0.20777792699664133;0.20127464200049872;0.2105507160013076;0.10593575600069016;0.0646993099944666;;0.16010056900267955;;;;;;;;;;
89;090_da55509f.jpg;imagens/Celebrity Faces Dataset/Angelina Jolie/090_da55509f.jpg;;0.25529734900192125;0.36639260099764215;0.24264652300189482;0.1492249709990574;0.059519015994737856;;0.2431663160023163;;;0.2774946680001449;0.2834985700028483;0.2857434050019947;0.1300592819970916;0.062164206996385474;;0.27736554000148317;;;;;;;;;;;;1.2428318060046877;1.163305695001327;1.1659414030000335;1.482314895001764;1.430965211999137;;3.993834943998081;;;10.549669887004711;10.547105288002058;10.42763125700003;10.91907438400085;10.015147090998653;;10.439920559998427;;;;;;;;;;;;0.1706128189980518;0.19078270200407133;0.15797651700268034;0.09780044700164581;0.04578133799805073;;0.16331653900124365;;;;;;;;;;
90;091_b5b4a62f.jpg;imagens/Celebrity Faces Dataset/Angelina Jolie/091_b5b4a62f.jpg;;0.3198971710007754;0.4108338940059184;0.3133852820028551;0.17502892199991038;0.13599838899972383;;0.3003582710007322;;;0.28056529400055297;0.29781166100292467;0.2445667899955879;0.26349072300217813;0.07952129499608418;;0.28489130699745147;;;;;;;;;;;;1.7368249880018993;1.7455823340060306;1.4595432120040641;1.966578664003464;1.7526138199973502;;4.022774982993724;;;10.97716467599821;10.456901749996177;10.370778983997297;10.2662189449984;10.263695060995815;;10.495109116003732;;;;;;;;;;;;0.18803679900156567;0.20855884299817262;0.1874152110030991;0.09462967600120464;0.06809441799850902;;0.19635236100293696;;;;;;;;;;
91;092_26130bb1.jpg;imagens/Celebrity Faces Dataset/Angelina Jolie/092_26130bb1.jpg;;0.30980249300046125;0.38137618000473594;0.2996608310058946;0.20490906299528433;0.16578605600079754;;0.335809372998483;;;0.3073655449989019;0.29349997799727134;0.24785769099980826;0.13249755000288133;0.1062039120006375;;0.284075325995218;;;;;;;;;;;;1.6472496959977434;1.8733206850010902;1.5575252659982652;1.8192362240006332;1.2419902960027684;;4.4622543299992685;;;12.577801831997931;12.274366207995627;12.912721751003119;12.383718432000023;12.28490077299648;;12.186574077997648;;;;;;;;;;;;0.18134273999748984;0.21245408699905965;0.18181484100205125;0.11424410999461543;0.0701811210019514;;0.19435312200221233;;;;;;;;;;
92;093_6ce62543.jpg;imagens/Celebrity Faces Dataset/Angelina Jolie/093_6ce62543.jpg;;0.3457273059975705;0.3741731000045547;0.3486074090033071;0.2288019190018531;0.1688573470019037;;0.3552966749994084;;;0.3117716350025148;0.306616417998157;0.260995869000908;0.185225804001675;0.12545999500434846;;0.3053513530030614;;;;;;;;;;;;1.7706130229998962;1.9812726550007937;1.5685716640000464;1.8418633349938318;1.222785797996039;;5.136424863005232;;;12.840862926001137;12.432479171002342;12.199299223000708;12.34833591899951;12.079894686001353;;12.497025304997806;;;;;;;;;;;;0.1924306599976262;0.21185958699788898;0.18016762899787864;0.10378910599683877;0.06211001300107455;;0.19897194399527507;;;;;;;;;;
93;094_c255b703.jpg;imagens/Celebrity Faces Dataset/Angelina Jolie/094_c255b703.jpg;;0.3342632700005197;0.36368935799691826;0.337497856002301;0.18185734200233128;0.12937145899923053;;0.33078512900101487;;;0.2732335239998065;0.32294113299576566;0.31631325199850835;0.17497124900546623;0.1061196319933515;;0.4005861020050361;;;;;;;;;;;;2.16637920300127;1.9922307409942732;1.5451935710007092;1.7858051139992313;1.365504947003501;;5.260094214005221;;;13.740871966998384;13.388169680998544;12.702857789998234;12.480122995999409;12.65851242699864;;12.640275894002116;;;;;;;;;;;;0.20333103099983418;0.29862278499786044;0.20268927099823486;0.12244492000172613;0.056631235995155293;;0.20144006999908015;;;;;;;;;;
94;095_0be163a1.jpg;imagens/Celebrity Faces Dataset/Angelina Jolie/095_0be163a1.jpg;;0.37334237200411735;0.4159665789993596;0.3586103359994013;0.25040786399767967;0.18425057900458341;;0.37146786399534903;;;0.3234191640003701;0.34669139300240204;0.2978230099979555;0.20599432400194928;0.09837830100150313;;0.3917378810001537;;;;;;;;;;;;2.2913913579977816;1.752558295003837;1.5760545970042585;2.1208469630000764;1.591487732999667;;5.8269443070021225;;;13.01414946099976;20.22406966899871;12.846480865999183;12.90862480400392;13.982742013999086;;13.220314525999129;;;;;;;;;;;;0.19889919699926395;0.20764776799478568;0.2076276890002191;0.10235853099584347;0.07326096500037238;;0.29951982900092844;;;;;;;;;;
95;096_75710434.jpg;imagens/Celebrity Faces Dataset/Angelina Jolie/096_75710434.jpg;;0.25443850200099405;0.2949392459995579;0.2736649740036228;0.14269548800075427;0.06218250000529224;;0.28661656899930676;;;0.30040641099913046;0.2827689100013231;0.23607440599880647;0.1617597009972087;0.09025857799861114;;0.2863437949999934;;;;;;;;;;;;1.3623068060041987;1.0538759880000725;1.0751144520036178;1.2375316769976052;1.4153504420028185;;5.829963735995989;;;11.32585874099459;11.153334859998722;10.942822127995896;11.499470778995601;10.929099636996398;;11.84231599100167;;;;;;;;;;;;0.1900068709946936;0.18585047400119947;0.1787480989951291;0.08318321900151204;0.04598447200260125;;0.18055857800209196;;;;;;;;;;
96;097_9a6bf61f.jpg;imagens/Celebrity Faces Dataset/Angelina Jolie/097_9a6bf61f.jpg;;0.35914153000339866;0.3826684359955834;0.4161409119988093;0.22750323099899106;0.1724069990013959;;0.33344904799741926;;;0.32058088799385587;0.3208732580023934;0.2787630340026226;0.24772795799799496;0.1189910350003629;;0.32425832399894716;;;;;;;;;;;;2.1142467850004323;1.6333924400023534;1.6729118319999543;1.8547930350032402;1.9134181049957988;;7.313803482997173;;;12.692511107998143;12.694788699998753;12.693193317994883;13.010108203998243;13.51356393199967;;12.457561279996298;;;;;;;;;;;;0.21507663100055652;0.20312552100222092;0.18807237900182372;0.0991782860000967;0.05728265499783447;;0.19518460799736204;;;;;;;;;;
97;098_dd1405fc.jpg;imagens/Celebrity Faces Dataset/Angelina Jolie/098_dd1405fc.jpg;;0.3417797310030437;0.3897618889968726;0.45757045899517834;0.22228034699946875;0.1664671440012171;;0.3722503340031835;;;0.3140603869978804;0.31027902899950277;0.3300775169991539;0.18198328599828528;0.1077698240042082;;0.3336330340025597;;;;;;;;;;;;1.526933769993775;1.6554522709993762;1.5652384940040065;1.785643668998091;2.032873226002266;;5.051637028998812;;;12.795643035999092;12.459568608996051;12.465672546997666;12.54835091700079;12.364843445997394;;12.670463943999493;;;;;;;;;;;;0.18305005699949106;0.20160073299484793;0.18010444800165715;0.1056710650009336;0.07219099099893356;;0.1919948700015084;;;;;;;;;;
98;099_c22d3e48.jpg;imagens/Celebrity Faces Dataset/Angelina Jolie/099_c22d3e48.jpg;;0.31041260300116846;0.3293029659980675;0.4115613750036573;0.17225995800254168;0.09665612500248244;;0.321237028001633;;;;;;;;;;;;;;;;;;;;;2.3425552300031995;1.7984425429967814;1.561104485001124;1.9956086070014862;2.140413251996506;;5.277210793996346;;;12.7305047369955;13.04200183499779;12.497673345002113;12.862133054004516;13.209292062005261;;12.353921149995585;;;;;;;;;;;;0.19551395600137766;0.21760595600062516;0.184463751000294;0.10479352100082906;0.07164511899463832;;0.16604583700245712;;;;;;;;;;
99;100_31ff9373.jpg;imagens/Celebrity Faces Dataset/Angelina Jolie/100_31ff9373.jpg;;0.35440652199758915;0.34557802400377113;0.363543983999989;0.20669199600524735;0.11594758599676425;;0.31370866199722514;;;0.32588845799909905;0.31249092199868755;0.2546456509953714;0.13205778499832377;0.09689224300382193;;0.35086059600143926;;;;;;;;;;;;2.425453967996873;1.4858759600028861;1.563962995998736;1.7389558290014975;1.4416960339949583;;5.3842703080008505;;;12.683332124994195;12.612088062000112;12.438936941005522;12.509251909999875;13.08653537400096;;12.585207126001478;;;;;;;;;;;;0.2045668669961742;0.21068515899969498;0.16886294000141788;0.10749649500212399;0.06727624100312823;;0.18529189100081567;;;;;;;;;;
