;Unnamed: 0;filename;relative_path;GPU_opencv_Dlib;GPU_opencv_Facenet512;GPU_opencv_Facenet;GPU_opencv_ArcFace;GPU_opencv_OpenFace;GPU_opencv_DeepID;GPU_opencv_DeepFace;GPU_opencv_GhostFaceNet;GPU_opencv_sFace;GPU_ssd_Dlib;GPU_ssd_Facenet512;GPU_ssd_Facenet;GPU_ssd_ArcFace;GPU_ssd_OpenFace;GPU_ssd_DeepID;GPU_ssd_DeepFace;GPU_ssd_GhostFaceNet;GPU_ssd_sFace;GPU_dlib_Dlib;GPU_dlib_Facenet512;GPU_dlib_Facenet;GPU_dlib_ArcFace;GPU_dlib_OpenFace;GPU_dlib_DeepID;GPU_dlib_DeepFace;GPU_dlib_GhostFaceNet;GPU_dlib_sFace;GPU_mtcnn_Dlib;GPU_mtcnn_Facenet512;GPU_mtcnn_Facenet;GPU_mtcnn_ArcFace;GPU_mtcnn_OpenFace;GPU_mtcnn_DeepID;GPU_mtcnn_DeepFace;GPU_mtcnn_GhostFaceNet;GPU_mtcnn_sFace;GPU_retinaface_Dlib;GPU_retinaface_Facenet512;GPU_retinaface_Facenet;GPU_retinaface_ArcFace;GPU_retinaface_OpenFace;GPU_retinaface_DeepID;GPU_retinaface_DeepFace;GPU_retinaface_GhostFaceNet;GPU_retinaface_sFace;GPU_yolov8_Dlib;GPU_yolov8_Facenet512;GPU_yolov8_Facenet;GPU_yolov8_ArcFace;GPU_yolov8_OpenFace;GPU_yolov8_DeepID;GPU_yolov8_DeepFace;GPU_yolov8_GhostFaceNet;GPU_yolov8_sFace;GPU_yunet_Dlib;GPU_yunet_Facenet512;GPU_yunet_Facenet;GPU_yunet_ArcFace;GPU_yunet_OpenFace;GPU_yunet_DeepID;GPU_yunet_DeepFace;GPU_yunet_GhostFaceNet;GPU_yunet_sFace;GPU_fastmtcnn_Dlib;GPU_fastmtcnn_Facenet512;GPU_fastmtcnn_Facenet;GPU_fastmtcnn_ArcFace;GPU_fastmtcnn_OpenFace;GPU_fastmtcnn_DeepID;GPU_fastmtcnn_DeepFace;GPU_fastmtcnn_GhostFaceNet;GPU_fastmtcnn_sFace;image_size;image_width;image_height
0;0;001_fe3347c0.jpg;imagens/Celebrity Faces Dataset/Angelina Jolie/001_fe3347c0.jpg;;3.8002144639995095;2.0229168879996;2.725314826000613;2.7052615430002334;0.691770744000678;;3.298535430998527;;;0.2427433890006796;0.1997159649999957;0.1411904810011037;0.1231121639993944;0.0783477770000899;;0.1852586169989081;;;;;;;;;;;;5.219755280000754;1.0597446720003063;1.072398931000862;1.118176781999864;1.0489496079990204;;1.222813600999871;;;10.67881217500144;0.291022442999747;0.183469306999541;0.1900416329990548;0.1272851600006106;;0.237973265000619;;;;;;;;;;;;0.1797400449995621;0.1959702620006282;0.102844875998926;0.0785277560007671;0.0368033760005346;;0.1509838040001341;;;;;;;;;;;36023.0;474.0;569.0
1;1;002_8f8da10e.jpg;imagens/Celebrity Faces Dataset/Angelina Jolie/002_8f8da10e.jpg;;0.2562168879994715;0.2460408000006282;0.1813681500007078;0.1554632770003081;0.0970421530000749;;0.2254410610003105;;;0.205218559000059;0.213529994000055;0.1393652869992365;0.1348830909992102;0.0867831639989162;;0.2059163840003748;;;;;;;;;;;;4.062398386999121;0.986813854000502;0.9473486740007502;1.0294167880001623;1.029190931998528;;1.1516352409998944;;;2.5635069069994643;0.2765908479996142;0.1619805169993924;0.1819182749986794;0.1088675200007855;;0.2107904340009554;;;;;;;;;;;;0.1694383390004077;0.1678601500007062;0.1128802509992965;0.0831189259988605;0.0468236930009879;;0.1660641700000269;;;;;;;;;;;38793.0;474.0;474.0
2;2;003_57612506.jpg;imagens/Celebrity Faces Dataset/Angelina Jolie/003_57612506.jpg;;0.245230418000574;0.2340008510000188;0.1597983310002746;0.1551881520008464;0.1052755359996808;;0.2235243519990035;;;0.2084263390006526;0.199202679001246;0.1359833749993413;0.1271067469988338;0.0768953320002765;;0.1888253270008135;;;;;;;;;;;;2.0182343129999936;0.9911450199997488;1.0065227630002482;1.087392532001104;1.051397678000285;;1.1871544789992186;;;0.6884996970002248;0.3886211839999305;0.2380866860003152;0.2400618540013965;0.1315674239995132;;0.3545955720001075;;;;;;;;;;;;0.1830016479998448;0.2020849919990723;0.1233712229986849;0.0874283330012986;0.0433950940005161;;0.1477182449998508;;;;;;;;;;;33755.0;474.0;568.0
3;3;004_f61e7d0c.jpg;imagens/Celebrity Faces Dataset/Angelina Jolie/004_f61e7d0c.jpg;;0.191681645999779;0.158094248999987;0.0862406550004379;0.0850412990002951;0.040592135001134;;0.149959561000287;;;0.1702213110002048;0.1954445829996984;0.1039945009997609;0.0805792289993405;0.0595716139996511;;0.1472965280008793;;;;;;;;;;;;2.4781744190004247;0.7048937609997665;0.5816713590011204;0.6518875660003687;0.62005693699939;;0.7356213360017136;;;2.6660272479985;0.2560461989996838;0.1740534669988847;0.1793467669995152;0.1189885069998126;;0.2239515829987794;;;;;;;;;;;;0.1783046149994334;0.1566011520008032;0.1018410449996736;0.0614896939987374;0.0352000590009993;;0.1550934189999679;;;;;;;;;;;5675.0;160.0;198.0
4;4;005_582c121a.jpg;imagens/Celebrity Faces Dataset/Angelina Jolie/005_582c121a.jpg;;0.4513609639998321;0.2354843230004917;0.1399338219998753;0.1364207490005355;0.0844148649994167;;0.1966510880010901;;;0.1901303590002498;0.1921336320010596;0.1297967190002964;0.1045962710013554;0.070219844001258;;0.196769778000089;;;;;;;;;;;;3.9557017469996936;0.9832990099985182;1.02077016200019;1.0201586579987634;1.017537944999276;;1.1688798720006162;;;2.671194917000321;0.2603572519983572;0.1750380329995096;0.1586751260001619;0.1143209849997219;;0.2171179199995094;;;;;;;;;;;;0.1600182610000047;0.1941917390013259;0.1094638169997779;0.0947434949994203;0.0467162360000656;;0.1653788149997126;;;;;;;;;;;35651.0;474.0;512.0
5;5;006_9135205d.jpg;imagens/Celebrity Faces Dataset/Angelina Jolie/006_9135205d.jpg;;0.4666193840002961;0.3969482770007744;0.2766808950000268;0.2239219750008487;0.1191213040001457;;0.3724050829987391;;;0.1970482899996568;0.2018405750004603;0.1609752919994207;0.1230544350000855;0.0740753560003213;;0.1730383209996944;;;;;;;;;;;;1.7738519310005358;1.2143102350000845;1.0325406079991808;1.1214839909989678;1.1366736399995716;;1.3262754389998008;;;0.5913169049999851;0.5275922700002411;0.3045586820007884;0.2926355780000449;0.1430442769997171;;0.4564745000006951;;;;;;;;;;;;0.1681341660005273;0.2052753410007426;0.1100220789994637;0.0813811879997956;0.0499114579997694;;0.1457637580006121;;;;;;;;;;;45088.0;474.0;568.0
6;6;007_cabbfcbb.jpg;imagens/Celebrity Faces Dataset/Angelina Jolie/007_cabbfcbb.jpg;;0.2266374330010876;0.2073987139992823;0.1273601250013598;0.1161179650007397;0.0834631580000859;;0.1855523379999795;;;0.1907370839999203;0.1719108399993274;0.1144673509988933;0.1244433820011181;0.0646461860014824;;0.1776448090004123;;;;;;;;;;;;3.320694068999728;0.9956958230013696;0.8513457110002491;1.0004285699997126;0.9165316979997442;;1.055263460999413;;;2.5122947019990534;0.2327147479991254;0.1728141359999426;0.1626068700006726;0.1115778980001778;;0.2290285489998496;;;;;;;;;;;;0.210601457998564;0.1641396159993746;0.1044891889996506;0.0823348829999304;0.0411005559999466;;0.1703996550004376;;;;;;;;;;;21699.0;474.0;498.0
7;7;008_d1f87068.jpg;imagens/Celebrity Faces Dataset/Angelina Jolie/008_d1f87068.jpg;;0.3862533190003887;0.381615905000217;0.2117190099997969;0.2115925349989993;0.0957039810000424;;0.3289978909997444;;;0.1868334199989476;0.2113461320004717;0.1341599150000547;0.1082232749995455;0.07060498699866;;0.1662841599991225;;;;;;;;;;;;1.499585614001262;0.9731508909990224;0.939411913001095;1.0594331869997404;1.02889484699881;;1.1178650940000807;;;0.2631265729996812;0.2354525689988804;0.1614342180000676;0.1537178050002694;0.1087299219998385;;0.2118233549990691;;;;;;;;;;;;0.1979594009990251;0.1550511499990534;0.0956663120014127;0.0863108530011231;0.03475400500065;;0.1662034460005088;;;;;;;;;;;33334.0;474.0;474.0
8;8;009_fb3e6174.jpg;imagens/Celebrity Faces Dataset/Angelina Jolie/009_fb3e6174.jpg;;0.2344820729995262;0.2404584569994767;0.1459304979998705;0.136404565999328;0.0927254960006394;;0.2060684579992084;;;0.1915624310004204;0.211124182000276;0.166007242998603;0.1043231349995039;0.0752181239986384;;0.1751513670005806;;;;;;;;;;;;1.3835605000003852;1.034197115999632;1.0231947799984482;1.0629422180008987;1.0014797389994785;;1.1764348839988088;;;0.2598097539994342;0.240939322999111;0.1760034910003014;0.1673242689994367;0.1218565969993505;;0.2238751639997644;;;;;;;;;;;;0.1808608410010492;0.1561344219990132;0.1195805450006446;0.0860298429997783;0.0432816039992758;;0.1494198410000535;;;;;;;;;;;35293.0;474.0;568.0
9;9;010_f99d79e3.jpg;imagens/Celebrity Faces Dataset/Angelina Jolie/010_f99d79e3.jpg;;0.4082993259999057;0.423351150999224;0.2488552169998001;0.2384489369997027;0.1375857959992572;;0.3595508140006132;;;0.195972941999571;0.2160082369991869;0.1303220120007608;0.1218191490006574;0.0701348130005499;;0.1897748910014343;;;;;;;;;;;;1.460297895999247;1.2710337200005597;1.0791006559993548;1.14665752899964;1.0438212039989594;;1.3227928189990052;;;0.4063182869995216;0.3762168359990028;0.242348371000844;0.2234361359987815;0.1374084879989823;;0.3452719990000332;;;;;;;;;;;;0.3357329749997007;0.308504950000497;0.1688159160003124;0.1451182540004083;0.0745862320000014;;0.284113427000193;;;;;;;;;;;49009.0;474.0;568.0
10;10;011_7344ca35.jpg;imagens/Celebrity Faces Dataset/Angelina Jolie/011_7344ca35.jpg;;0.2464416359998722;0.240479915000833;0.145840582999881;0.1433597409995854;0.0978754269999626;;0.2163688019991241;;;0.1852905559990176;0.1894593849992816;0.1118821580002986;0.1215388620003068;0.0571287069997197;;0.163814564999484;;;;;;;;;;;;4.318056953999985;1.018854283998735;0.9654117230002156;1.0204706780004926;0.9891913650008064;;1.15215657599947;;;2.602390730999105;0.237996842000939;0.2815260239985946;0.1618024580002384;0.1311004440012766;;0.2257140410001739;;;;;;;;;;;;0.2027755330000218;0.162937036000585;0.1118164170002273;0.0906715519995486;0.0343985099989367;;0.1797215599999617;;;;;;;;;;;32706.0;474.0;527.0
11;11;012_cfcd4007.jpg;imagens/Celebrity Faces Dataset/Angelina Jolie/012_cfcd4007.jpg;;0.2564498020001338;0.2363448229989444;0.1462326999990182;0.1427444339988142;0.0986011370005144;;0.2065323229999194;;;0.192923103000794;0.2323789530000795;0.1326919809998799;0.1246925579998787;0.0805597220005438;;0.1679333989995939;;;;;;;;;;;;3.888889489000576;0.9826415669995184;0.9449922839994542;1.0265388940006233;1.0331081229996926;;1.1945533199996134;;;2.3977301329996408;0.2463127720002376;0.1788895829995453;0.1748895139990054;0.1265719559996796;;0.2308996609990572;;;;;;;;;;;;0.1976284840002335;0.1708107750000635;0.1086810489996423;0.0900706060001539;0.0356585879999329;;0.1328690070004086;;;;;;;;;;;26816.0;474.0;584.0
12;12;013_95ecbd39.jpg;imagens/Celebrity Faces Dataset/Angelina Jolie/013_95ecbd39.jpg;;0.2250340679984219;0.2338944950006407;0.1405415190001804;0.1351491860004898;0.0836508739994315;;0.1947533290003775;;;0.1954577440010325;0.245284544000242;0.1358258869986457;0.1099057179999363;0.0668704919989977;;0.1925253970002813;;;;;;;;;;;;1.3629766270005348;0.9310613620000368;0.9053194139996776;1.0041969739995693;0.8962650180001219;;1.122209990000556;;;0.2563728669992997;0.2474610539993591;0.1639150089995382;0.1682887370006938;0.1056997289997525;;0.2132440230016072;;;;;;;;;;;;0.1992066849998082;0.1820110050011862;0.0970442150010058;0.0901511129995924;0.039384677000271;;0.1450138480013265;;;;;;;;;;;19451.0;474.0;474.0
13;13;014_0d29db88.jpg;imagens/Celebrity Faces Dataset/Angelina Jolie/014_0d29db88.jpg;;0.3769672729995363;0.3915496420013369;0.2109468290000222;0.2036128359995928;0.0951029890002246;;0.3460550760009937;;;0.1990498650011432;0.2075957500001095;0.125630814998658;0.1095503440010361;0.0669441249992814;;0.1866819989991199;;;;;;;;;;;;3.5686417570013877;0.9513563979999162;0.9497468010013108;1.0682948429985115;1.0267407070004992;;1.1747046779983066;;;2.5044603669994103;0.2373038240002642;0.191160039999886;0.1673074939990328;0.1173665610003809;;0.223055051999836;;;;;;;;;;;;0.169619424999837;0.1715194390017131;0.1265468910005438;0.0983584240002528;0.066596364000361;;0.1418446059997222;;;;;;;;;;;27215.0;474.0;550.0
14;14;015_8bac79b5.jpg;imagens/Celebrity Faces Dataset/Angelina Jolie/015_8bac79b5.jpg;;0.2474844050011597;0.2644819360011752;0.1609193109998159;0.1557434110000031;0.1022126810003101;;0.2234083539988205;;;0.199749408999196;0.2093906500012963;0.1190914279995922;0.1201259850004135;0.075227070999972;;0.1669536930003232;;;;;;;;;;;;2.700246870999763;1.0311461360015528;1.0009943679997375;1.0313724940006068;0.9771648120004102;;1.2026571339993095;;;1.6686439489985787;0.2532447930007038;0.1870923729984497;0.1795621390010637;0.1239586589999817;;0.228920895999181;;;;;;;;;;;;0.1681844499998988;0.1713761949995387;0.0998114069989242;0.0853266520007309;0.0489580049998039;;0.1477659820011467;;;;;;;;;;;47791.0;474.0;581.0
15;15;016_8945d6ca.jpg;imagens/Celebrity Faces Dataset/Angelina Jolie/016_8945d6ca.jpg;;0.2693319099998916;0.2320291260002704;0.1486445030004688;0.1439187440009846;0.1002736989994446;;0.2069597450008586;;;0.1887087570012227;0.2011422180003137;0.1349375930003589;0.1194137589991441;0.0699512760002107;;0.1992249619997892;;;;;;;;;;;;3.722833846999493;0.9903384909994202;0.9768830510001862;1.101379226998688;1.0887233590001415;;1.1192138490005163;;;1.6548236300004646;0.2455812840016733;0.1884940910003933;0.1734953180002776;0.1266100520006148;;0.2409047900000587;;;;;;;;;;;;0.1614572039998165;0.1670955740009958;0.1020262470010493;0.0855653090002306;0.0451176730002771;;0.1672221390017512;;;;;;;;;;;41377.0;474.0;591.0
16;16;017_e28ea9d4.jpg;imagens/Celebrity Faces Dataset/Angelina Jolie/017_e28ea9d4.jpg;;0.2492750009987503;0.253223388999686;0.1661280119988077;0.1541690610010846;0.1096118700006627;;0.2241128379992005;;;0.1997432860007393;0.2181547670006693;0.1350589300000138;0.1215754240001842;0.0760035769999376;;0.2152344709993485;;;;;;;;;;;;1.4099904419999802;1.0591139429998293;0.9475280570004544;1.030065573999309;1.0044546089993671;;1.1989499620012791;;;0.2398773239983711;0.2415769679992081;0.1899749399999564;0.1837673179998091;0.1240095189987187;;0.2306269840009918;;;;;;;;;;;;0.1629496139994444;0.1745684170000458;0.088883653999801;0.0701727559990104;0.0433519200014416;;0.1466243300001224;;;;;;;;;;;34209.0;474.0;568.0
17;17;018_fcafe1a8.jpg;imagens/Celebrity Faces Dataset/Angelina Jolie/018_fcafe1a8.jpg;;0.2193411440002819;0.2274649120008689;0.1334197780015529;0.1309470670003065;0.0748603430001821;;0.1887343960006546;;;0.1921464179995382;0.1908792060003179;0.1130825419986649;0.0944344350009487;0.0562203269983001;;0.1644583959987358;;;;;;;;;;;;1.1292024630001831;0.9489096670004074;0.960576368999682;1.0502639320002345;0.9856549280011676;;1.0947261580004124;;;0.2296579239991842;0.224696106999545;0.1605521350011258;0.1538927210003748;0.110574483000164;;0.2124972400015394;;;;;;;;;;;;0.171124114000122;0.195684980999431;0.0934578519991191;0.0852551879997918;0.0519746350000787;;0.1829681010003696;;;;;;;;;;;22688.0;474.0;474.0
18;18;019_57ab290d.jpg;imagens/Celebrity Faces Dataset/Angelina Jolie/019_57ab290d.jpg;;0.2504292169996915;0.233716935999837;0.1576698270000633;0.1437326430004759;0.0918858669992914;;0.210420740999325;;;0.1886785039987444;0.1758748240008572;0.1149809640010062;0.1173846490000869;0.0607816310002817;;0.1874874969998927;;;;;;;;;;;;1.573013526000068;1.0496830249994673;1.0397180070012837;1.0685346099999151;1.0351897030013788;;1.275217196000085;;;0.2443314199990709;0.2618685469988122;0.1990248740003153;0.1740676129993517;0.1280036079988349;;0.2335182659990096;;;;;;;;;;;;0.1955741419988044;0.1823838150012307;0.1022592580011405;0.075787288000356;0.0354600270002265;;0.1744231390002824;;;;;;;;;;;39011.0;474.0;569.0
19;19;020_4c4b655f.jpg;imagens/Celebrity Faces Dataset/Angelina Jolie/020_4c4b655f.jpg;;0.2708142720002797;0.2580529970000498;0.1769449429993983;0.1574933580013748;0.1036304280005424;;0.2154860080008802;;;0.1895888130002276;0.1956641920005495;0.1215869890002068;0.1015964819998771;0.0685818959991593;;0.180756272000508;;;;;;;;;;;;1.311129042000175;0.9915787109985104;1.0017433579996575;1.0769377349988645;1.0166157960011333;;1.161820119999902;;;0.2386692049985868;0.2558389750010974;0.1930994859994825;0.1822182420000899;0.1213932770006067;;0.2346086840007046;;;;;;;;;;;;0.1976267029986047;0.1630902050001168;0.1091530800003965;0.0786503439994703;0.0414246469990757;;0.1380255690000922;;;;;;;;;;;45234.0;474.0;568.0
20;20;021_6e419870.jpg;imagens/Celebrity Faces Dataset/Angelina Jolie/021_6e419870.jpg;;0.216944510999383;0.221275603000322;0.1308330249994469;0.1286397320000105;0.078860652000003;;0.190379411998947;;;0.1839086930012854;0.1981967309984611;0.1026549470007012;0.0910937570006353;0.0651618210013111;;0.1779044340000837;;;;;;;;;;;;2.862912098999004;1.085612229000617;0.9738946500001476;1.0267997039991317;1.033169813999848;;1.2135610120003548;;;2.1431860870015957;0.2429639349993522;0.1805921710001712;0.1841377870005089;0.1250488569985464;;0.2296210870008508;;;;;;;;;;;;0.1699636779994762;0.1583102719996532;0.0909997309991013;0.0888876789995265;0.0482789699999557;;0.1657803689995489;;;;;;;;;;;27025.0;474.0;574.0
21;21;022_b497b92e.jpg;imagens/Celebrity Faces Dataset/Angelina Jolie/022_b497b92e.jpg;;0.2470111229995382;0.2601217239989637;0.1713236559990036;0.1616916960010712;0.1098696829994878;;0.21446379200097;;;0.2075364030006312;0.2331596349995379;0.1294653420009126;0.1238139710003451;0.085301253999205;;0.1932072029994742;;;;;;;;;;;;2.527373216998967;0.966317362001064;0.96284846799972;0.9936845089996496;0.9940500179982336;;1.202874320000774;;;2.1817908530010754;0.2518237069998577;0.1669874640010675;0.1629909569983283;0.117063132000112;;0.2183860269997239;;;;;;;;;;;;0.2160092169997369;0.1953284069986693;0.1218374029995175;0.0879294970000046;0.0487999659999331;;0.1913282990008156;;;;;;;;;;;32531.0;474.0;511.0
22;22;023_7781dd1c.jpg;imagens/Celebrity Faces Dataset/Angelina Jolie/023_7781dd1c.jpg;;0.2359200770006282;0.2519473869997455;0.1494056730007287;0.1464886419998947;0.0897659109996311;;0.2204935319987271;;;0.1797052700003405;0.2455911289998766;0.1081215300000622;0.1165058389997284;0.0569728120008221;;0.17929513800118;;;;;;;;;;;;1.454960471999584;1.020031295998706;1.0082139160003862;1.0032615149993944;0.9903789140007576;;1.1468410150009731;;;0.2437957820002338;0.2530045350013097;0.1700305410013243;0.167345073999968;0.1237603239987947;;0.2249400840009912;;;;;;;;;;;;0.2021426390001579;0.183000737999464;0.0974134540010709;0.0863427320000482;0.0535049689988227;;0.1450729709995357;;;;;;;;;;;37735.0;474.0;568.0
23;23;024_ca32be97.jpg;imagens/Celebrity Faces Dataset/Angelina Jolie/024_ca32be97.jpg;;0.1694413780005561;0.1640088849999301;0.0892375330004142;0.0891018279999116;0.0444492520000494;;0.1556705029997829;;;0.1865524659988295;0.1902902980000362;0.1048679319992516;0.0870050159992388;0.0512428699985321;;0.1410183900006814;;;;;;;;;;;;2.598140202999275;0.644059981999817;0.6642151470005047;0.6755379240003094;0.641025262999392;;0.8159600399994815;;;0.225269100999867;0.2489899629999854;0.1597876839987293;0.1489467869996588;0.1069650829995225;;0.204862430000503;;;;;;;;;;;;0.1613886230006755;0.1568377140010852;0.0904681759984669;0.0711642169990227;0.0349272069997823;;0.1363497519996599;;;;;;;;;;;5173.0;160.0;160.0
24;24;025_41cee764.jpg;imagens/Celebrity Faces Dataset/Angelina Jolie/025_41cee764.jpg;;0.2215305299996544;0.2415018219999183;0.1425747229986882;0.1381436270003178;0.0898055140005453;;0.206042988000263;;;0.1843093450006563;0.2027831899995362;0.1298649889995431;0.1110552379996079;0.0467624060001981;;0.1566809510004532;;;;;;;;;;;;2.500649142999464;0.98533056999986;1.0132352329983405;0.9845606720009528;1.047945010001058;;1.2582769509990612;;;0.4673263200002111;0.260135024000192;0.1864890139986528;0.1783959020012844;0.124771745999169;;0.262827352999011;;;;;;;;;;;;0.1726836730013019;0.183909715999107;0.1081714029987779;0.0964087529991957;0.0390492899987293;;0.1460974890014768;;;;;;;;;;;35507.0;474.0;586.0
25;25;026_2828fcaf.jpg;imagens/Celebrity Faces Dataset/Angelina Jolie/026_2828fcaf.jpg;;0.2391801970006781;0.2579798110000411;0.1880725060000259;0.1395914909990097;0.0969373379994067;;0.2052512649988784;;;0.1863605799990182;0.2060494489996926;0.1472592979989713;0.1198227830009273;0.0714466129993525;;0.1577632349999476;;;;;;;;;;;;1.0683074619992112;1.0970350040006451;0.9880328780000128;1.048109895999005;0.9526007559998106;;1.169574008001291;;;0.2415366519999224;0.2437909510008467;0.1805490650003776;0.176584148000984;0.1218892260003485;;0.240317423000306;;;;;;;;;;;;0.1900283430004492;0.1725772589998087;0.1030258959999628;0.0815321740010404;0.0417340540006989;;0.1494227130006038;;;;;;;;;;;28972.0;474.0;568.0
26;26;027_58887f30.jpg;imagens/Celebrity Faces Dataset/Angelina Jolie/027_58887f30.jpg;;0.2343812010003603;0.2364955180000834;0.150404650999917;0.1444965970003977;0.0890045840005768;;0.2014472279988695;;;0.2041318929987028;0.183340567000414;0.1361663640000188;0.1128130809993308;0.0591179849998297;;0.1617695020013343;;;;;;;;;;;;1.572773710000547;1.0008411409999098;0.9575622290012687;1.0528808849994675;1.0304937839991908;;1.1257052309993014;;;0.245879991000038;0.2713749279992044;0.1849225540008774;0.1773609289994056;0.1275744249996933;;0.2308955330008757;;;;;;;;;;;;0.1933506260011199;0.1692831380005373;0.1037319619990739;0.0888071589997707;0.0492531660001986;;0.1535451970012218;;;;;;;;;;;32453.0;474.0;569.0
27;27;028_6a0ff8de.jpg;imagens/Celebrity Faces Dataset/Angelina Jolie/028_6a0ff8de.jpg;;0.2397244040002988;0.248776689000806;0.1474255550001544;0.1474863070015999;0.0877848359996278;;0.2060371949992259;;;0.1900951839998015;0.1830323100002715;0.1467193190001126;0.1093830129993875;0.0757778160004818;;0.1785476410004776;;;;;;;;;;;;1.0774121489994286;0.9705532179996226;0.9421520690011675;1.0076524630003405;0.9717575779995968;;1.14603680899927;;;0.4088661749992752;0.3589033349999226;0.2178603960001055;0.2186245120010426;0.1209595649997936;;0.3767880920004245;;;;;;;;;;;;0.1963023839998641;0.1965644779993454;0.1059694630002923;0.1085443880001548;0.0430005050002364;;0.1549587999998039;;;;;;;;;;;40914.0;474.0;474.0
28;28;029_f2882b0d.jpg;imagens/Celebrity Faces Dataset/Angelina Jolie/029_f2882b0d.jpg;;0.2130760899999586;0.1874366219999501;0.0868179479984974;0.0835883319996355;0.0380444370002805;;0.1390058279994264;;;0.201525362999746;0.2089837879993865;0.1044617019997531;0.112942269000996;0.0517014899996866;;0.1689713519990618;;;;;;;;;;;;1.6170039549997457;0.6464299100007338;0.6371521089986345;0.6603612300004897;0.6652872270005901;;0.7067657810002856;;;0.8910256950002804;0.2498856740003248;0.1727084520007338;0.1656662229997891;0.1200993659986124;;0.2279613999999128;;;;;;;;;;;;0.1579914189987903;0.1632811920007952;0.0901537930003542;0.074371914999574;0.0297138599999016;;0.1589649840007041;;;;;;;;;;;4777.0;160.0;199.0
29;29;030_66bddeb6.jpg;imagens/Celebrity Faces Dataset/Angelina Jolie/030_66bddeb6.jpg;;0.3906573900003423;0.3988392160008516;0.2088305959987337;0.2154603229992062;0.102199095999822;;0.3195704669997212;;;0.1875736820002203;0.20814799999971;0.116023752001638;0.1012749239998811;0.0600906840008974;;0.1773452110010112;;;;;;;;;;;;4.602512527999352;1.405326023999805;1.1428853510005863;1.1821173730004375;1.0197118659998523;;1.407027132998337;;;2.719665876000363;0.4991140689999156;0.2892294739995122;0.2799889750003785;0.1691605419982806;;0.4798158660014451;;;;;;;;;;;;0.1799149950002174;0.2153346220002276;0.0933555680003337;0.0886600850008108;0.0463528190011857;;0.1773508229998697;;;;;;;;;;;23853.0;474.0;448.0
30;30;031_2364f4d8.jpg;imagens/Celebrity Faces Dataset/Angelina Jolie/031_2364f4d8.jpg;;0.1697772970001096;0.1771430339995277;0.0917353889999503;0.0771637770012603;0.0442672530007257;;0.1418846209999174;;;0.1745132420001027;0.1880178890005481;0.0970842259994242;0.0970236289995227;0.0416071809995628;;0.140535563999947;;;;;;;;;;;;2.807743577999645;0.6605008020014793;0.6093221789997187;0.659713955999905;0.6055042120005965;;0.7589979530002893;;;1.007802038000591;0.2437337339997611;0.1658266989998083;0.1626784529998985;0.1177108609990682;;0.2221370229999593;;;;;;;;;;;;0.1632093459993484;0.1457299840003543;0.0849048540003423;0.0754449439991731;0.0274652299995068;;0.1469340089988691;;;;;;;;;;;6022.0;160.0;192.0
31;31;032_db66bd61.jpg;imagens/Celebrity Faces Dataset/Angelina Jolie/032_db66bd61.jpg;;0.2592996120001771;0.2722375780012953;0.1742212700009986;0.1576670020003803;0.1144991060009488;;0.227836013000342;;;0.2002969100012706;0.2281481160007388;0.1421542530006263;0.1167216440007905;0.0744631510006001;;0.1973654210014501;;;;;;;;;;;;2.6079733229998965;1.0494625360006469;0.8668752000012319;1.058522581000943;1.1043306270003086;;1.1578314099988347;;;1.76660701199944;0.2467937759993219;0.1707780759988963;0.1754627310001524;0.1228978109993477;;0.2276636580008926;;;;;;;;;;;;0.1820990450014505;0.1856808890006505;0.0984856909999507;0.0824154620004264;0.0408026750010321;;0.1637456019998353;;;;;;;;;;;32932.0;474.0;567.0
32;32;033_23e68208.jpg;imagens/Celebrity Faces Dataset/Angelina Jolie/033_23e68208.jpg;;0.2483309189992724;0.2555859519998193;0.1787291589989763;0.1595031990000279;0.1133381749987165;;0.2187128380010108;;;0.2135987860001478;0.2234628930000326;0.1258908340005291;0.1356833930003631;0.0742260560000431;;0.1955798359995242;;;;;;;;;;;;2.305506446999061;1.1039219169997525;0.946759139000278;1.0838162439995358;1.0025800530002016;;1.0881505090001156;;;0.8914115739989938;0.2702561919995787;0.2189432369996211;0.1719061619987769;0.1255311299992172;;0.2440563390009629;;;;;;;;;;;;0.1954098120004346;0.1628722179993929;0.1210070270008145;0.0854823109984863;0.0423712329993577;;0.1780490149994875;;;;;;;;;;;29799.0;474.0;582.0
33;33;034_418fbbdb.jpg;imagens/Celebrity Faces Dataset/Angelina Jolie/034_418fbbdb.jpg;;0.2207186550003825;0.2310024870002962;0.1448493919997417;0.1230921820006187;0.0915100269994582;;0.248879910001051;;;0.190732819999539;0.1948015429989027;0.1300741400009428;0.1204138619996229;0.069638943999962;;0.1722188889998506;;;;;;;;;;;;1.0527288260000205;1.011570259999644;0.8325277010007994;1.0000332060008077;0.9639754990002984;;1.129690092000601;;;0.2267161809995741;0.2355377519998001;0.1599579529993207;0.1484093969993409;0.1053822710000531;;0.2158575009998458;;;;;;;;;;;;0.2070814539983985;0.1711962549998134;0.098289694999039;0.0808607830003893;0.0395092260005185;;0.1693895730004442;;;;;;;;;;;21367.0;474.0;474.0
34;34;035_2e497561.jpg;imagens/Celebrity Faces Dataset/Angelina Jolie/035_2e497561.jpg;;0.2486826700005622;0.2543846950011357;0.1604607160006708;0.1504907600010483;0.1016692060002242;;0.2204874960007146;;;0.2082257580004807;0.2223925059988687;0.1035807110001769;0.1589019340008235;0.0621468810004444;;0.1560330709999107;;;;;;;;;;;;2.9626937529992574;1.2211484309991647;1.0497718320002605;1.165369622000071;1.091670236999562;;1.344002776999332;;;0.5925008880003588;0.3993311659996834;0.2335935289993358;0.2241978919992107;0.1329644140005257;;0.3556975949995831;;;;;;;;;;;;0.1890929380006127;0.179214777001107;0.0919161020010506;0.0858759650000138;0.0556376230015303;;0.1819750819995533;;;;;;;;;;;31963.0;474.0;589.0
35;35;036_3e807a88.jpg;imagens/Celebrity Faces Dataset/Angelina Jolie/036_3e807a88.jpg;;0.3938747840002179;0.3898163739995652;0.2147268190001341;0.196971362000113;0.0949439970008825;;0.3033656389998214;;;0.1858665330000803;0.1930289599986281;0.1359290450000116;0.1234705090009811;0.05678922900006;;0.171875326999725;;;;;;;;;;;;1.0787708339994424;1.0355928079989098;0.9464161159994546;1.0438438199998927;1.0486545109997678;;1.2013406540008873;;;0.2523407749995385;0.2658047229997464;0.1838150050007243;0.180795254998884;0.1271780730003229;;0.2294111390001489;;;;;;;;;;;;0.1824417539992282;0.1886143409992655;0.0960859910010185;0.0835365370003273;0.0510845839999092;;0.1688795059999392;;;;;;;;;;;34483.0;474.0;587.0
36;36;037_62d00a09.jpg;imagens/Celebrity Faces Dataset/Angelina Jolie/037_62d00a09.jpg;;0.2590884670007654;0.2382953029991767;0.1640201720001641;0.1442365760012762;0.0980929920006019;;0.2035653610000736;;;0.2026054250000015;0.1895514810003078;0.1101112349988397;0.1064275879998604;0.0608469520011567;;0.1599428330009686;;;;;;;;;;;;1.1432341479994648;1.032049913001174;1.0103323319999618;1.0635112960007973;1.0530583229992772;;1.158997920998445;;;0.2336813490001077;0.3966983190002793;0.156317384000431;0.1607970409986592;0.1071785379990615;;0.2071525239989569;;;;;;;;;;;;0.1697529590001067;0.2029924260004918;0.0907125499998073;0.0838172180010587;0.0527654990000883;;0.1540733309993811;;;;;;;;;;;37025.0;474.0;474.0
37;37;038_e40d5b16.jpg;imagens/Celebrity Faces Dataset/Angelina Jolie/038_e40d5b16.jpg;;0.2211913470000581;0.2352519070009293;0.143731767000645;0.1220446939987596;0.073602230000688;;0.179249840999546;;;0.1818969330015534;0.1922469390010519;0.1069569119990774;0.1110845999992307;0.0602495220009586;;0.1781376569997519;;;;;;;;;;;;1.017704916999719;1.0151923070006887;0.9776791149997734;1.0622079409986327;1.0389439820010011;;1.1608072220005852;;;0.2302866570007609;0.2551082259997201;0.1578063189990644;0.2032526109996979;0.1073605150013463;;0.2099398789996485;;;;;;;;;;;;0.1825130279994482;0.1684105509993969;0.1084522390010533;0.0978959419990133;0.0507097490008163;;0.1551239300006273;;;;;;;;;;;25614.0;474.0;474.0
38;38;039_6b10ab98.jpg;imagens/Celebrity Faces Dataset/Angelina Jolie/039_6b10ab98.jpg;;0.2228598940000665;0.2160114590005832;0.1487237099991034;0.1266465770004288;0.0776044049998745;;0.1819962039990059;;;0.2272610029995121;0.1985493519987358;0.1067205330000433;0.1013377239996771;0.0608072560007713;;0.1629657520006731;;;;;;;;;;;;3.2856986679998954;0.9708925239992824;1.0010102699998242;1.1328273610015458;1.0633785850004642;;1.1266412259992649;;;2.1370179020013893;0.2487189229996147;0.1771658659999957;0.1656764210001711;0.1103117330003442;;0.2150381120009115;;;;;;;;;;;;0.1661848990006547;0.1670971700004884;0.1096555420008371;0.0883467060011753;0.0434107010005391;;0.1654696909990889;;;;;;;;;;;24184.0;474.0;495.0
39;39;040_2ef814c7.jpg;imagens/Celebrity Faces Dataset/Angelina Jolie/040_2ef814c7.jpg;;0.1847413790001155;0.1922547069989377;0.1062957249996543;0.0814250620005623;0.0372971480010164;;0.1348748269992938;;;0.2078396130000328;0.1736155060007149;0.101314129999082;0.0842543369999475;0.0435489310002594;;0.1449563139995007;;;;;;;;;;;;2.108466875999511;0.7128158150007948;0.6219786729998305;0.7098769109998102;0.6405274980006652;;0.8128410450008232;;;2.472058188999654;0.2274741860001086;0.151452509999217;0.1536250850003853;0.1042247980003594;;0.2044483340014267;;;;;;;;;;;;0.1887455329997465;0.1483551420005824;0.0744616779993521;0.0737583840000297;0.0241447839998727;;0.1522288910000497;;;;;;;;;;;5087.0;160.0;165.0
40;40;041_abf5c9cb.jpg;imagens/Celebrity Faces Dataset/Angelina Jolie/041_abf5c9cb.jpg;;0.213957386000402;0.2149077280009805;0.1464242950005427;0.1221661840008891;0.0757115090000297;;0.176617888999317;;;0.2068197000007785;0.1953572460006398;0.1066465739986597;0.0995504210004583;0.05553432600027;;0.1827928500006237;;;;;;;;;;;;2.7147796930003096;1.025822490999417;0.9526608240012138;1.000618589001533;0.993042661999425;;1.1851421560004385;;;1.5941703829994367;0.2525091779989452;0.1682183760003681;0.1630953849999059;0.1199083640003664;;0.2303280830001313;;;;;;;;;;;;0.1960582910014636;0.1644408240008488;0.1045284030005859;0.08332551499916;0.0390650230001483;;0.1457132150007964;;;;;;;;;;;19828.0;474.0;530.0
41;41;042_2ccd070f.jpg;imagens/Celebrity Faces Dataset/Angelina Jolie/042_2ccd070f.jpg;;0.2753318739996757;0.2563089629984461;0.1885460840003361;0.1663992180001514;0.1131659520015091;;0.2194509149994701;;;0.1960733080013597;0.2145279540000046;0.1250257969986705;0.1213575230012793;0.0731154579989379;;0.1861765949997789;;;;;;;;;;;;2.244684747000065;1.0313413420008146;0.9942836639984308;1.1198958109998784;1.086374906999481;;1.194323532999988;;;0.9242656110000098;0.264071382000111;0.1760357020011724;0.1804925310007092;0.1285611139992397;;0.3895177900012641;;;;;;;;;;;;0.1894155579993821;0.1683636479992856;0.1010465920007845;0.091610589000993;0.0561389310005324;;0.1537656909986253;;;;;;;;;;;67523.0;474.0;592.0
42;42;043_b812749f.jpg;imagens/Celebrity Faces Dataset/Angelina Jolie/043_b812749f.jpg;;0.4249121020002349;0.4130970650003291;0.2845186349986761;0.225409609000053;0.1245462980004958;;0.3585845600009634;;;0.1919453649989009;0.2286688499989395;0.1177752099993085;0.1350053629994363;0.0575871590008318;;0.1746096440001565;;;;;;;;;;;;2.2917426099993463;1.03827983300107;0.9716689349988884;1.050990183999602;0.9922507629999018;;1.1789005280006677;;;0.8498012519994518;0.2574788380006794;0.1645738850002089;0.1690383839995775;0.1152819369999633;;0.2550647219995881;;;;;;;;;;;;0.1743525500005489;0.1598938879997149;0.103796916999272;0.0852388879993668;0.0432425690014497;;0.1632894770009443;;;;;;;;;;;43765.0;474.0;528.0
43;43;044_512dfd33.jpg;imagens/Celebrity Faces Dataset/Angelina Jolie/044_512dfd33.jpg;;0.2316120799987402;0.2343406429990864;0.1493293599996832;0.1326260709993221;0.1016083449994766;;0.2437466430001222;;;0.2039593669996975;0.2070482879989867;0.1200675089985452;0.1101994330001616;0.0598385369994503;;0.1743183760008833;;;;;;;;;;;;2.83676694299902;0.9478194280000024;0.9381630509997194;1.0464262109999254;0.9781352869995316;;1.2080703649990028;;;2.4115058219995262;0.2698781330000201;0.1749163590011448;0.1734682499991322;0.1243433119998371;;0.2402839839996886;;;;;;;;;;;;0.1844311759996344;0.1759634320005716;0.0939448789995367;0.091094516999874;0.0459764719998929;;0.1662959280001814;;;;;;;;;;;34394.0;474.0;563.0
44;44;045_c560251e.jpg;imagens/Celebrity Faces Dataset/Angelina Jolie/045_c560251e.jpg;;0.2209661920005601;0.2032736769997427;0.130828080998981;0.1175472410013753;0.0602203759990516;;0.1734691559995553;;;0.192465063999407;0.1982019280003442;0.1150909070001944;0.1165389339985267;0.0585174589996313;;0.1866509150004276;;;;;;;;;;;;0.8849766399998771;0.9840766680008528;0.9470333270000992;0.9869916860006924;1.0082510920001369;;1.179403526999522;;;0.2609949389989197;0.242157414999383;0.1912195650002104;0.1553146259993809;0.1070271349999529;;0.2105004119985096;;;;;;;;;;;;0.1913444259989773;0.1740482719997089;0.0941263750009966;0.0826389150006434;0.0430677820004348;;0.1539524290001281;;;;;;;;;;;23823.0;474.0;474.0
45;45;046_d93a2c2d.jpg;imagens/Celebrity Faces Dataset/Angelina Jolie/046_d93a2c2d.jpg;;0.2375138420011353;0.2227431390001584;0.1550043200004438;0.1424464810006611;0.0930148770003143;;0.1948932340001192;;;0.2361972560011054;0.211330865000491;0.1333389920000627;0.1331777300001704;0.0710841640011494;;0.1752676940013771;;;;;;;;;;;;0.8828268460001709;0.9938142329992844;0.9873632060007368;1.0873485440006334;1.0176584009986982;;1.1385532499989497;;;0.2747250450011052;0.2473861750004289;0.1801282039996294;0.1703731680008786;0.1261157240005559;;0.2295214030000352;;;;;;;;;;;;0.1962866659996507;0.1602450379996298;0.0961894920001213;0.0867227350008761;0.047550522000165;;0.1646498270001757;;;;;;;;;;;16603.0;474.0;589.0
46;46;047_5350c8c0.jpg;imagens/Celebrity Faces Dataset/Angelina Jolie/047_5350c8c0.jpg;;0.2362150449989712;0.2352022679988294;0.1489880199987965;0.1442785130002448;0.0859479409991763;;0.2081256860001303;;;0.2202079740000044;0.1935441700006777;0.1635908979988016;0.1260374260000389;0.0685637429996859;;0.1635344379992602;;;;;;;;;;;;2.748751225999513;0.9871910840010968;0.9498560840002028;1.0099351790013316;1.0658634549999988;;1.126735488000122;;;2.165562742000475;0.2515238380001392;0.1612570180004695;0.1541095350003161;0.1107891119991109;;0.2107152200005657;;;;;;;;;;;;0.2118672039996454;0.1845309780001116;0.1010288460001902;0.0801102470013574;0.0565056989998993;;0.1392700470005365;;;;;;;;;;;26734.0;474.0;476.0
47;47;048_0a32a483.jpg;imagens/Celebrity Faces Dataset/Angelina Jolie/048_0a32a483.jpg;;0.2536884630007989;0.2302137539991235;0.1526179740012594;0.1414451420005207;0.0897230620012123;;0.1972593980008241;;;0.1981779090001509;0.2081289810012094;0.1309714740000345;0.1030171210004482;0.0596771580003405;;0.1680917909998243;;;;;;;;;;;;0.8822111389999918;1.0281748460001836;1.041776595000556;1.0547626980005589;1.0134832120002102;;1.212186359000043;;;0.2626550959994347;0.2486709789991437;0.2030790459994023;0.1799504660011734;0.127246138999908;;0.2298317210006644;;;;;;;;;;;;0.1919935389996681;0.1624897159999818;0.0996213430007628;0.0834313069990457;0.0441529359995911;;0.1511425669996242;;;;;;;;;;;35119.0;474.0;591.0
48;48;049_4d6df392.jpg;imagens/Celebrity Faces Dataset/Angelina Jolie/049_4d6df392.jpg;;0.2396324159999494;0.2145406370000273;0.137033266999424;0.1255182509994483;0.078904992000389;;0.1991950089995953;;;0.189306898999348;0.2045263100008014;0.1063918370000465;0.0893829050000931;0.0547907019990816;;0.1487223090007319;;;;;;;;;;;;1.4776120460010134;0.9922145499986073;0.9511799439987954;1.039068041000064;0.9796299240006192;;1.1164892720007629;;;0.2409014800014119;0.2418362509997678;0.1622669120006321;0.1545839500013244;0.1091972519989212;;0.2179271000004519;;;;;;;;;;;;0.2030054509996262;0.1744124489996465;0.1038456380010757;0.0904003499999817;0.0428888679998635;;0.1655048339998757;;;;;;;;;;;38204.0;474.0;474.0
49;49;050_7c5b026c.jpg;imagens/Celebrity Faces Dataset/Angelina Jolie/050_7c5b026c.jpg;;0.2698187799996958;0.2451668339999742;0.1673128590009582;0.1562811500007228;0.1166206239995517;;0.2153129599992098;;;0.2077714080005535;0.1983372270005929;0.1359139050000521;0.1143841060002159;0.074179881999953;;0.1873606120007025;;;;;;;;;;;;0.9890794780003488;1.06137305700031;1.0364163640006154;1.1129553459995805;1.091841863000809;;1.1608050529994216;;;0.2662304820005374;0.2487190589999954;0.1780826280009932;0.1761149930007377;0.1249561869990429;;0.2595801799998298;;;;;;;;;;;;0.1727950749991578;0.1846918209994328;0.0966681770005379;0.0946091130008426;0.0512704409993602;;0.1465939479985536;;;;;;;;;;;37843.0;474.0;592.0
50;50;051_268fdfd7.jpg;imagens/Celebrity Faces Dataset/Angelina Jolie/051_268fdfd7.jpg;;0.2501757179998094;0.2734974489994783;0.1633914900012314;0.1603251619999355;0.1114816799999971;;0.2159677380004723;;;0.2189424389998748;0.2224374329998681;0.1396712960013246;0.1546938089995819;0.0801676739993126;;0.1842465479985549;;;;;;;;;;;;3.1343526680011564;1.0765221170004224;0.963186824999866;1.0287930079994112;1.0391648759996317;;1.1732493239996984;;;2.5160918580004363;0.2555347650013573;0.1670115479992091;0.179163200999028;0.1179993100013234;;0.2450693499995395;;;;;;;;;;;;0.1660745400004089;0.1809594970000034;0.1313542670013703;0.084204826000132;0.0444575319997966;;0.1714871139993192;;;;;;;;;;;39456.0;474.0;544.0
51;51;052_6db5f5bf.jpg;imagens/Celebrity Faces Dataset/Angelina Jolie/052_6db5f5bf.jpg;;0.2645532690003165;0.2390215680006804;0.1534766879995004;0.1514396969996596;0.0922304859996074;;0.2208619859993632;;;0.1770789199999853;0.2172169189998385;0.1090458360013144;0.1085997099999076;0.0555786490003811;;0.1587342889997671;;;;;;;;;;;;1.9318199259996616;1.0144006480004464;1.0181958350003697;1.0319758250006998;1.0492833699991024;;1.1946511839996674;;;0.475559507998696;0.2710762070000783;0.1816224470003362;0.1845632620006654;0.125707571998646;;0.235011241000393;;;;;;;;;;;;0.1615516549991298;0.1955545100008748;0.1113587180007016;0.0781817010010854;0.0545260419985424;;0.1676161349987524;;;;;;;;;;;36932.0;474.0;580.0
52;52;053_05c78fa1.jpg;imagens/Celebrity Faces Dataset/Angelina Jolie/053_05c78fa1.jpg;;0.2431498339992686;0.237804338999922;0.1496159910002461;0.1405244839988881;0.093749203999323;;0.2078792579995934;;;0.2272285550006927;0.2116315799994481;0.111530522999601;0.101395441999557;0.0697381610007141;;0.1743810259995371;;;;;;;;;;;;1.354242483999769;1.0626698120013316;0.9389091760003794;0.978566170000704;1.0241927370007031;;1.117087246000665;;;0.2448803539991786;0.2560069959999964;0.169097886999225;0.1584402019998378;0.1079200699987268;;0.2318662809993839;;;;;;;;;;;;0.1794718430010107;0.2034639909998077;0.0981255000006058;0.0935631749998719;0.0470638280003186;;0.173018621000665;;;;;;;;;;;39966.0;474.0;474.0
53;53;054_7ba62f81.jpg;imagens/Celebrity Faces Dataset/Angelina Jolie/054_7ba62f81.jpg;;0.2490983819989196;0.2470541680013411;0.163140091999594;0.1457843230000435;0.103118863000418;;0.2184315929989679;;;0.2168433999995613;0.2205096699999558;0.1137702359992545;0.1354120500000135;0.071049991000109;;0.1656358279997221;;;;;;;;;;;;1.193418618999203;0.9858592439995846;0.9717994219990942;1.0209834189990945;1.0555246589992748;;1.128206469998986;;;0.2451909889987291;0.2314459460012585;0.167712329999631;0.5672593680010323;0.1100785599992377;;0.2163245739993726;;;;;;;;;;;;0.167284451001251;0.2234700709996104;0.0899628119987028;0.086179402000198;0.0348245410004892;;0.1861569140000938;;;;;;;;;;;36734.0;474.0;474.0
54;54;055_aaaf063c.jpg;imagens/Celebrity Faces Dataset/Angelina Jolie/055_aaaf063c.jpg;;0.2034889030001068;0.1646905099987634;0.0865806530000554;0.0811978629990335;0.0433295100010582;;0.1470391029997699;;;0.1814936610007862;0.2109427429986681;0.0919092830008594;0.1129429419997904;0.0419985980006458;;0.1617304560004413;;;;;;;;;;;;1.5184670630005712;0.7454623939993326;0.6582265139986703;0.6551826300001267;0.6315299600009894;;0.8045838359994377;;;1.7345787019985437;0.252850696000678;0.203115186001014;0.2065151060014614;0.1238727740001195;;0.2385212180015514;;;;;;;;;;;;0.156399143001181;0.1718131090001406;0.0822829009994166;0.0742591930011258;0.0286582440003257;;0.1335689490006189;;;;;;;;;;;5798.0;160.0;195.0
55;55;056_97412d14.jpg;imagens/Celebrity Faces Dataset/Angelina Jolie/056_97412d14.jpg;;0.2368200210003124;0.2207590950001758;0.1334953999994468;0.1252416609986539;0.082467133001046;;0.1890581719999318;;;0.1981308779995743;0.19880286300031;0.1063237489997845;0.1044651209995208;0.0527181240013305;;0.1492055910002818;;;;;;;;;;;;0.9295391929990728;1.0237823549996392;1.0510856780001632;1.063408456999241;1.087418565999542;;1.167267119999451;;;0.2676407760009169;0.2585100369997235;0.2658944879985938;0.205295574000047;0.1240558469999086;;0.240610058999664;;;;;;;;;;;;0.2730330630001845;0.194941738000125;0.0916266719996201;0.08101034199899;0.0434371430001192;;0.1487535679989378;;;;;;;;;;;27561.0;474.0;592.0
56;56;057_7f34f0f4.jpg;imagens/Celebrity Faces Dataset/Angelina Jolie/057_7f34f0f4.jpg;;0.2262247420003404;0.2237102580002101;0.1564877350010647;0.1323039010003412;0.0756533010007842;;0.1836979519994201;;;0.1899961569997685;0.2143861040003685;0.1035434960012935;0.1005535410004085;0.0763167800014343;;0.1805189629994856;;;;;;;;;;;;0.8858466140009114;1.030247362999944;1.0557848869993904;1.0373504599992884;0.9374117719999048;;1.1862754059984582;;;0.2667516089986748;0.2691035949992511;0.1947340670012636;0.242689614999108;0.1260919449996436;;0.2393702280005527;;;;;;;;;;;;0.2564284519994544;0.1956103739994432;0.1038529239995114;0.0910671900001034;0.0488564729985228;;0.1720326770009705;;;;;;;;;;;27926.0;474.0;568.0
57;57;058_02860eff.jpg;imagens/Celebrity Faces Dataset/Angelina Jolie/058_02860eff.jpg;;0.2701063060012529;0.2503257400003349;0.188060160000532;0.1655657699993753;0.1212184240011993;;0.2236224949992902;;;0.2095395119995373;0.2270899039995129;0.1230852259996027;0.1210458830009884;0.0938706070010084;;0.1944466920012928;;;;;;;;;;;;0.9842465359997732;1.057311810000101;1.011337342000843;1.0710224340000425;1.0842824089995702;;1.1371760080000968;;;0.2555878719995235;0.2491818030011927;0.1906230000004143;0.1922249630006263;0.1277931180011364;;0.2385864440002478;;;;;;;;;;;;0.2254609459996572;0.336856900001294;0.0988206989986792;0.0873615439995774;0.0283922819999133;;0.1647428750002291;;;;;;;;;;;38214.0;474.0;591.0
58;58;059_df425619.jpg;imagens/Celebrity Faces Dataset/Angelina Jolie/059_df425619.jpg;;0.2602790410001034;0.2217158620005648;0.1618385099991428;0.1445173890006117;0.0868050019998918;;0.1998951559999113;;;0.2270640719998482;0.1991142809984012;0.13265890600087;0.1111561729994718;0.0773765869998897;;0.1733961179998004;;;;;;;;;;;;1.4292288959986763;1.037397027001134;0.9954213380005968;0.98283933699895;0.9716461869993508;;1.1530802930010395;;;0.2395837060012127;0.2321921619986824;0.179140037000252;0.1586429470007715;0.1082787010000174;;0.2323401960002229;;;;;;;;;;;;0.1721156470011919;0.1958118620004825;0.0971941230000084;0.0898142730002291;0.0392849920008302;;0.1533815080001659;;;;;;;;;;;26619.0;474.0;474.0
59;59;060_4037f0f7.jpg;imagens/Celebrity Faces Dataset/Angelina Jolie/060_4037f0f7.jpg;;0.2324111979996814;0.204837282999506;0.1386416830009693;0.119588413999736;0.0621938940003019;;0.1732357639994006;;;0.1980619360001583;0.2156459020006877;0.1045637490005901;0.1093395530006091;0.0472297039996192;;0.1647482160005893;;;;;;;;;;;;1.7371815579990653;1.0263500290002412;0.962756819999413;1.003903779999746;0.9787146519993256;;1.1024210790001234;;;0.5011291089995211;0.2405769039996812;0.1665145679999113;0.1875820530003693;0.1125696700000844;;0.2356597979996877;;;;;;;;;;;;0.1843764009990991;0.1971898110004986;0.0982597429992893;0.0860830049987271;0.0405740909991436;;0.1365493869998317;;;;;;;;;;;22811.0;474.0;513.0
60;60;061_e18ba2b0.jpg;imagens/Celebrity Faces Dataset/Angelina Jolie/061_e18ba2b0.jpg;;;;;;;;;;;0.2183548239991068;0.2004027099992527;0.1037785850003274;0.1221411820006324;0.0572389040007692;;0.1788379369991162;;;;;;;;;;;;1.3888386059988989;1.0123794430001;1.0529766469990136;1.029701829998885;1.0366130219990737;;1.204994321000413;;;0.2700854449994949;0.2577106589997129;0.174844993998704;0.1704577510008675;0.1289947690002009;;0.2484018899995135;;;;;;;;;;;;0.1876340130002063;0.1912426199996844;0.0947509849993366;0.0811371290001261;0.0401675989996874;;0.1532571409989032;;;;;;;;;;;37270.0;474.0;588.0
61;61;062_6aa9cf8f.jpg;imagens/Celebrity Faces Dataset/Angelina Jolie/062_6aa9cf8f.jpg;;0.2827458209994802;0.253771563000555;0.1907678539992048;0.1533853839991934;0.1083153389990911;;0.2298412119998829;;;0.2227145819997531;0.2295285279997188;0.1126616580004338;0.1241375399986282;0.0623922920003678;;0.1902938040002482;;;;;;;;;;;;0.9113692230002924;1.132162005000282;1.024267205999422;1.0845434559996647;1.0915286279996508;;1.1945174080010474;;;0.5082613869999477;0.2761200419990928;0.1762104610006645;0.1708020550013316;0.1260180970002693;;0.2412715310001658;;;;;;;;;;;;0.2009609140004613;0.1848506349997478;0.1070032950010499;0.0932231480001064;0.0452252869999938;;0.1727289549999113;;;;;;;;;;;36345.0;474.0;583.0
62;62;063_c486d5ef.jpg;imagens/Celebrity Faces Dataset/Angelina Jolie/063_c486d5ef.jpg;;0.2582427939996705;0.2394742710002901;0.1773492360007367;0.1494859869999345;0.0964962039997772;;0.2079329829994094;;;0.2214819500004523;0.2130384949996369;0.1445376519986894;0.1324480379989836;0.0722652179993019;;0.1883773629997449;;;;;;;;;;;;0.9252695430004678;1.0429747749985836;1.025635447000241;1.0317001639996306;1.0096668599999248;;1.227022893999674;;;0.2766304010001477;0.259761649000211;0.17479388799984;0.1691982510001253;0.1280358240001078;;0.226202216999809;;;;;;;;;;;;0.1689783839992742;0.18151432599916;0.0956415129985543;0.0976247540002077;0.0426732030009588;;0.1724950410007295;;;;;;;;;;;28266.0;474.0;588.0
63;63;064_0de68937.jpg;imagens/Celebrity Faces Dataset/Angelina Jolie/064_0de68937.jpg;;0.2527883909988304;0.2134682059986516;0.1432032029988477;0.1243157120006799;0.0830464259997825;;0.2285218099987105;;;0.2234118880005553;0.2271708880016376;0.138804298998366;0.1049516570001287;0.0649519180005882;;0.1746637109990843;;;;;;;;;;;;0.940124206999826;1.0423404510002;0.9612450309996348;0.9880287480009428;1.0312456299998305;;1.1802547280003637;;;0.2630346829992049;0.2386782720004703;0.1583794549987942;0.152759476999563;0.1057269599987194;;0.2135897110001678;;;;;;;;;;;;0.2074840140012384;0.179685220000465;0.0865392519990564;0.0946198509991518;0.0455206909991829;;0.1458537310008978;;;;;;;;;;;28391.0;474.0;474.0
64;64;065_689150aa.jpg;imagens/Celebrity Faces Dataset/Angelina Jolie/065_689150aa.jpg;;0.2630136549996678;0.2490975719993002;0.1825891150001553;0.1665413409991742;0.1230898539997724;;0.2364900840002519;;;0.2118598139986716;0.2424698909999278;0.1268468910002411;0.1167373959997348;0.0703345160000026;;0.1875928480003494;;;;;;;;;;;;0.9647591640004975;1.047141716000624;1.025268422001318;1.1160510739991878;1.025578303999282;;1.2084145009994245;;;0.2688687659992865;0.2587075749997893;0.1777818249993288;0.1701507249999849;0.2104898640009196;;0.2414130940014729;;;;;;;;;;;;0.1811123299994506;0.1687792020002234;0.0988510269999096;0.0947840810003981;0.0459437440003966;;0.2429281400000036;;;;;;;;;;;32499.0;474.0;591.0
65;65;066_b378479b.jpg;imagens/Celebrity Faces Dataset/Angelina Jolie/066_b378479b.jpg;;0.2547833589997026;0.2359960360008699;0.1740063039997039;0.1506869620006909;0.1013927069998317;;0.2062219920007919;;;0.2162269279997417;0.2149584920007328;0.124287564000042;0.1178588929997204;0.0802385420010978;;0.1730387279985734;;;;;;;;;;;;1.049282232999758;1.0427193669984265;0.9807609859999502;1.1049925290008105;1.0385043259993836;;1.1857965090002835;;;0.2598493789992062;0.2526726399992185;0.1764238149989978;0.1712863730008393;0.1261331679997965;;0.2340404870010388;;;;;;;;;;;;0.1771755549998488;0.1830217999995511;0.0933444989987037;0.0895491289993515;0.0413631400006124;;0.2391726780006138;;;;;;;;;;;41343.0;474.0;591.0
66;66;067_ff52c2fe.jpg;imagens/Celebrity Faces Dataset/Angelina Jolie/067_ff52c2fe.jpg;;0.2179297619986755;0.2032914940009504;0.1333974299996043;0.1223906670002179;0.0707238239992875;;0.1770460060015466;;;0.2084390279997023;0.2007226240002637;0.1085913919996528;0.1005384279997088;0.0628824870000244;;0.1848449149983935;;;;;;;;;;;;1.3545448419990862;0.99291704999996;0.9511152420000144;1.0051539010000852;1.040430536999338;;1.1280939279986342;;;0.9159114320009394;0.2626446560007025;0.1971354349989269;0.1666269020006439;0.1284570850002637;;0.2395971969999664;;;;;;;;;;;;0.1767470430004323;0.1713664119997702;0.0987000880013511;0.0800934180006152;0.0448421869987214;;0.1701543599992874;;;;;;;;;;;23749.0;474.0;575.0
67;67;068_2fb110d1.jpg;imagens/Celebrity Faces Dataset/Angelina Jolie/068_2fb110d1.jpg;;0.2389811059983912;0.246799820999513;0.1852363090001745;0.1598751260007702;0.1136321789999783;;0.2197293410008569;;;0.2324083820003579;0.2339422029999696;0.1609783210005844;0.1216376699994725;0.0769418820000282;;0.2220070049988862;;;;;;;;;;;;0.9073261869998532;1.019953295999585;0.964304611999978;1.0416685420004796;1.0538626339985058;;1.1892496860000392;;;0.2488934819994028;0.2443274600009317;0.1676316129996848;0.1514265050009271;0.1099164099996414;;0.2282521690012799;;;;;;;;;;;;0.1666569749995687;0.16873419500007;0.1146471470001415;0.0834960539996245;0.049631956999292;;0.1590522740007145;;;;;;;;;;;44350.0;474.0;474.0
68;68;069_9d0e44d5.jpg;imagens/Celebrity Faces Dataset/Angelina Jolie/069_9d0e44d5.jpg;;0.2028798049996112;0.2001600120001967;0.1353698759994586;0.1191014320011163;0.06956666699989;;0.173563293999905;;;0.2147558139986358;0.1809417730000859;0.1163660130005155;0.1210765489995537;0.0632300620000023;;0.1641190980008104;;;;;;;;;;;;0.8935094740008935;1.01392560199929;1.0160099240001728;1.1185931370000617;0.9615762979992724;;1.1638681799995538;;;0.2670842560000892;0.3009619109998311;0.1864864939998369;0.1755741420001868;0.126100827999835;;0.2276234889995976;;;;;;;;;;;;0.2663370139998733;0.1730457719986589;0.1047808549992623;0.0821907449990249;0.0328700999998545;;0.1456014289997256;;;;;;;;;;;22355.0;474.0;587.0
69;69;070_1a4312d2.jpg;imagens/Celebrity Faces Dataset/Angelina Jolie/070_1a4312d2.jpg;;0.231559695001124;0.2534756949989969;0.1564625109986082;0.1393103339996741;0.08920239300096;;0.1964070699996227;;;0.2152939889983827;0.196787865999795;0.1256118740002421;0.1248624800009565;0.0577299920005316;;0.1833666879992961;;;;;;;;;;;;2.000328690999595;1.0464894979995734;1.079424799001572;1.0406575580000208;1.0396444849993711;;1.199708438000016;;;0.898426580000887;0.2437725889994908;0.175711969999611;0.156107590000829;0.1106580319992645;;0.2388578230002167;;;;;;;;;;;;0.1632625500005815;0.1788514719992235;0.1028740870006004;0.1012623490005353;0.0407567610000114;;0.1371328029999858;;;;;;;;;;;35006.0;474.0;514.0
70;70;071_b537dbca.jpg;imagens/Celebrity Faces Dataset/Angelina Jolie/071_b537dbca.jpg;;0.1830431889993633;0.1647035290006897;0.101582638999389;0.0798022350008977;0.0440080549997219;;0.1389992980002716;;;0.1810391510007321;0.201371007000489;0.1108172300009755;0.0990366960013489;0.0505056100009824;;0.1633858369987137;;;;;;;;;;;;1.590650373000244;0.6755262320002657;0.6546000260004803;0.743040307001138;0.6352411089992529;;0.7964642440001626;;;0.2814048440013721;0.2582464930001151;0.1709845570003381;0.1638941630008048;0.1192702259995712;;0.2339876330006518;;;;;;;;;;;;0.1550609580008313;0.1561158940003224;0.0823104930004774;0.0681921659997897;0.0346774379995622;;0.1230235929997434;;;;;;;;;;;5818.0;160.0;196.0
71;71;072_8d068904.jpg;imagens/Celebrity Faces Dataset/Angelina Jolie/072_8d068904.jpg;;0.2643623740004841;0.2657046789991;0.2000543770009244;0.1537997890009137;0.1126836000003095;;0.2250035899996874;;;0.2048793140002089;0.2207654279991402;0.1398352950000116;0.120682188999126;0.0791431730012846;;0.1814995909990102;;;;;;;;;;;;0.9464760339997156;1.0702948859998287;1.0367986090004706;1.1051168350004446;1.0310804310011008;;1.2812750740013144;;;0.2755470889987919;0.258171516999937;0.1855211679994681;0.1790029010007856;0.1273496970006817;;0.2359112920003099;;;;;;;;;;;;0.1656822260010813;0.1677415869999095;0.0977285129993106;0.0829907719999027;0.0416608229988924;;0.1684737320010754;;;;;;;;;;;44568.0;474.0;587.0
72;72;073_9f1d377a.jpg;imagens/Celebrity Faces Dataset/Angelina Jolie/073_9f1d377a.jpg;;0.2649502109998138;0.2552980399996158;0.185288741999102;0.1625207640008739;0.1083649989996047;;0.231633931000033;;;0.2223544539992872;0.2200381560014648;0.149076531000901;0.1677529820008203;0.0852482689988392;;0.1871695570007432;;;;;;;;;;;;0.9542450170010852;1.0018069310008286;1.017144194000139;1.0850622380003188;1.0386175210005604;;1.2395339859995147;;;0.271871392000321;0.2571961180001381;0.1750859670009958;0.1733354330008296;0.1261421540002629;;0.2355890730013925;;;;;;;;;;;;0.1674712969997926;0.1699094189989409;0.0899668550009664;0.0825652940002328;0.0567634759991051;;0.1748500520006928;;;;;;;;;;;36231.0;474.0;581.0
73;73;074_0ec79719.jpg;imagens/Celebrity Faces Dataset/Angelina Jolie/074_0ec79719.jpg;;0.2219358820002526;0.2144032659998629;0.1482729859999381;0.1277318100001139;0.0820644010000251;;0.2002864579990273;;;0.1909854499990615;0.2083960050003952;0.1095250229991506;0.1145005390008009;0.0674524189998919;;0.1780307360004371;;;;;;;;;;;;0.8845514790009474;1.039473894999901;0.9754754440000396;1.097467780999068;0.9813563619991328;;1.0791039910000109;;;0.2300526719991467;0.2460262860004149;0.1625558010000531;0.1532078830005048;0.1183953360014129;;0.2210151570016023;;;;;;;;;;;;0.1632901310003944;0.1642161800009489;0.0976652820008894;0.0898173160003352;0.0410613479998573;;0.2037365570013207;;;;;;;;;;;29449.0;474.0;474.0
74;74;075_4c504eec.jpg;imagens/Celebrity Faces Dataset/Angelina Jolie/075_4c504eec.jpg;;;;;;;;;;;0.1847742320005636;0.1957817660004366;0.1252157090002583;0.1087050730002374;0.056463466000423;;0.1750462509990029;;;;;;;;;;;;3.003605657999288;0.9710075319999304;1.0007349679999606;1.0430276780007262;1.019433374000073;;1.170643557999938;;;1.5574209579990566;0.2548715809989517;0.1566651649991399;0.151641713000572;0.114673173000483;;0.2210466530013946;;;;;;;;;;;;;;;;;;;;;;;;;;;;;28486.0;474.0;490.0
75;75;076_1d914d5b.jpg;imagens/Celebrity Faces Dataset/Angelina Jolie/076_1d914d5b.jpg;;0.4210627899992687;0.4195888459998969;0.2944611789989722;0.2524558709992561;0.1292084209999302;;0.3768496470001992;;;0.367528011000104;0.3499157129990635;0.1940349829983461;0.1683563789993059;0.0811264020012458;;0.3064436709992151;;;;;;;;;;;;1.8616917449999164;1.5463094100014132;1.3290279320008267;1.3336731790004706;1.1329494399997202;;1.6814312130009057;;;0.7120607230008318;0.7013015829998039;0.382422377999319;0.3292697680008132;0.1464357389995711;;0.662841256998945;;;;;;;;;;;;0.2094009480006207;0.1835674419999122;0.1092891600001166;0.1007993160001206;0.0568112729997665;;0.167683849000241;;;;;;;;;;;39740.0;474.0;568.0
76;76;077_27650aa3.jpg;imagens/Celebrity Faces Dataset/Angelina Jolie/077_27650aa3.jpg;;0.4107695290003903;0.3956409589991381;0.2308058560010977;0.2239301089994114;0.1242632869998487;;0.3306543199996667;;;0.1988451389988768;0.2179270819997327;0.1138328039996849;0.1063955379995604;0.0560814330001449;;0.1614393920008296;;;;;;;;;;;;0.9913101389993244;1.0334146859986504;0.9655976249996456;1.0852197730000626;1.0311062230011885;;1.1500776049997512;;;0.408028750000085;0.398819560999982;0.2450489339989872;0.2239159529999597;0.1344376870001724;;0.4040501760009647;;;;;;;;;;;;0.19849922100002;0.172432897001272;0.0901329620010074;0.0768845910006348;0.0486030649990425;;0.1819950209992384;;;;;;;;;;;36514.0;474.0;592.0
77;77;078_044866e7.jpg;imagens/Celebrity Faces Dataset/Angelina Jolie/078_044866e7.jpg;;0.2427473799998551;0.2414124679999076;0.1585847349997493;0.143048717000056;0.1072175360004621;;0.2095926659985707;;;0.2058066739991773;0.2049918490010895;0.1285141299995302;0.124893267000516;0.0878030250005394;;0.1870228409989067;;;;;;;;;;;;0.939079177000167;1.0256910269999937;1.030396672000279;1.0798354359994846;1.0713505200001237;;1.2011396389989386;;;0.2547701820003567;0.2309064450000733;0.1667213759992591;0.1514025910000782;0.1086753069994301;;0.2289686550011538;;;;;;;;;;;;0.1795422039995173;0.1817751199996564;0.106081042000369;0.0843719959993904;0.0592994669987092;;0.1653081019994715;;;;;;;;;;;31104.0;474.0;474.0
78;78;079_40a598dc.jpg;imagens/Celebrity Faces Dataset/Angelina Jolie/079_40a598dc.jpg;;0.261052705000111;0.2592374509986257;0.1626910400009364;0.153758847998688;0.1020694990002084;;0.2174129150007502;;;0.2112495999990642;0.1899492789998476;0.1358557090006797;0.1047985669993067;0.0689856550015974;;0.1761579600006371;;;;;;;;;;;;0.9491377559988904;1.0503210179995222;1.0370664649999526;1.0517249410004297;1.1002907439997216;;1.1560119449986814;;;0.2656206829997245;0.2565902340011234;0.1878915119996236;0.1691429799993784;0.1284252989989909;;0.2413693630005582;;;;;;;;;;;;0.1847507769998628;0.1841145330017752;0.0918549520010856;0.0854672660007054;0.0449273270005505;;0.1977848070000618;;;;;;;;;;;44422.0;474.0;592.0
79;79;080_e998ab00.jpg;imagens/Celebrity Faces Dataset/Angelina Jolie/080_e998ab00.jpg;;0.2083024089988612;0.2561809339986212;0.1450944530006381;0.1328633129996888;0.0796292639988678;;0.1931641480005055;;;0.1802606969995395;0.1748079519984458;0.112640638000812;0.1155336760002683;0.0545598989992868;;0.1582526840011269;;;;;;;;;;;;1.084514967000359;1.1161378030010385;1.0736070099992503;1.0763440139999148;0.9644762539992372;;1.260836681998626;;;0.4087017250003555;0.3754874940004811;0.2430369320009049;0.2182060249997448;0.1148061519998009;;0.3331403140000475;;;;;;;;;;;;0.1876826890002121;0.1784070040012011;0.0991701190014282;0.082007942999553;0.0384255859989934;;0.1942288530008227;;;;;;;;;;;27233.0;474.0;474.0
80;80;081_12fb31ec.jpg;imagens/Celebrity Faces Dataset/Angelina Jolie/081_12fb31ec.jpg;;0.4166077050012973;0.3798838299990166;0.2382521649997215;0.227242846000081;0.1224795430007361;;0.3319270049996703;;;0.2561278200009838;0.1785070280002401;0.122282627999084;0.121414747000017;0.0650418090008315;;0.1670476580002287;;;;;;;;;;;;1.7633013640006538;1.2302192040006048;1.0777499310006533;1.132524326998464;1.0661771949999093;;1.3361210149996623;;;0.4014274950004619;0.3882982349987287;0.2271916839999903;0.2169604350001464;0.1283617360004427;;0.3574423449990718;;;;;;;;;;;;0.1956190820001211;0.1749276169994118;0.1106761390001338;0.0893482330011465;0.042089737000424;;0.1741358609997405;;;;;;;;;;;39546.0;474.0;544.0
81;81;082_047778bb.jpg;imagens/Celebrity Faces Dataset/Angelina Jolie/082_047778bb.jpg;;0.242787640001552;0.2478481609996379;0.1548944400001346;0.1494420520011772;0.1075006700011727;;0.2140315570013626;;;0.1811892909991002;0.2040122790003806;0.1387067470004694;0.1312168590011424;0.0747221069996157;;0.1806664559990167;;;;;;;;;;;;0.9959314289990288;1.0432398050015763;1.044484531999842;1.0537831319998077;1.0244104109988257;;1.2420236019988806;;;0.2417956429999321;0.2449036399993929;0.1591874990008364;0.1518911109997134;0.1626145820009696;;0.22930874299891;;;;;;;;;;;;0.1843090010006562;0.1960284649994719;0.1080744539995066;0.0862326019996544;0.0422358970008645;;0.1920859889996791;;;;;;;;;;;38493.0;474.0;474.0
82;82;083_bdada1e2.jpg;imagens/Celebrity Faces Dataset/Angelina Jolie/083_bdada1e2.jpg;;0.2222054499998194;0.2141567910002777;0.1437400119993981;0.1327072090007277;0.0868572139988828;;0.2082109849998232;;;0.1824752600005013;0.2013806199993268;0.1154842710002412;0.1155230959993787;0.0618115460001718;;0.185453026999312;;;;;;;;;;;;0.9235000100015897;1.0113349200000812;1.0055771280003682;1.0216747839986056;1.0744314730000042;;1.1589038339989202;;;0.2535160860006726;0.2515161270002863;0.1568576819990994;0.1518766570006846;0.1049531420012499;;0.2229513790007331;;;;;;;;;;;;0.1979746680008247;0.1672486129991739;0.0956181719993765;0.0848178230007761;0.0409047049997752;;0.1911298560007708;;;;;;;;;;;21610.0;474.0;474.0
83;83;084_da751ddd.jpg;imagens/Celebrity Faces Dataset/Angelina Jolie/084_da751ddd.jpg;;0.2086288620012055;0.206757676000052;0.1469143229987821;0.1296986529996502;0.0792250400008924;;0.1896000280012231;;;0.2016129040002852;0.2186533299991424;0.1293281580001348;0.1136674499994114;0.0568053030001465;;0.1545812980002665;;;;;;;;;;;;1.6455320700006268;1.0528258019985517;1.0642034590000549;1.0323458519997075;1.0306922780000605;;1.144264780001322;;;0.5093849959994259;0.2674162889998115;0.177203006000127;0.1618776639988937;0.1400912450008036;;0.2951110370013339;;;;;;;;;;;;0.1965392970014363;0.1606674149988975;0.0844183049994171;0.0792745790004119;0.0427087469997786;;0.1640586400008032;;;;;;;;;;;26973.0;474.0;585.0
84;84;085_f579db33.jpg;imagens/Celebrity Faces Dataset/Angelina Jolie/085_f579db33.jpg;;0.4241890889989008;0.382700954000029;0.2522227079989534;0.2248609929993108;0.1312584479983343;;0.3667251429997122;;;0.180658207000306;0.225337705000129;0.1346389840000483;0.1104369520016916;0.0687454259987134;;0.169604573999095;;;;;;;;;;;;0.9463338989990008;1.034158047999881;1.0756532319992402;1.068014389000382;1.0567110019983377;;1.1725183479993575;;;0.2795112280000467;0.2794836610009952;0.1932161389995599;0.1655206350005755;0.1741724759995122;;0.2312619109998195;;;;;;;;;;;;0.1780544539997208;0.1617535709992807;0.1005660490009177;0.0883991640002932;0.0453776520007522;;0.1449190200000885;;;;;;;;;;;53149.0;474.0;592.0
85;85;086_f2c730f3.jpg;imagens/Celebrity Faces Dataset/Angelina Jolie/086_f2c730f3.jpg;;0.239827483001136;0.2033569070008525;0.1283391589986422;0.12062645900005;0.0825576389997877;;0.1898064060005708;;;0.2020213209998473;0.2210036950000358;0.1372560189993237;0.1103159800004505;0.0710256319998734;;0.1774391259987169;;;;;;;;;;;;0.9299352449997969;1.0074814700001298;0.975308289000168;1.0144104820010398;0.9524926400008552;;1.0529219929994724;;;0.2501265699993382;0.2408960520006076;0.1592193500000576;0.1456145470001502;0.1295280899994395;;0.2147525079999468;;;;;;;;;;;;0.1609160249990964;0.169808421000198;0.0907478400004038;0.0876050759998179;0.0595450239998172;;0.1400368159993377;;;;;;;;;;;24413.0;474.0;474.0
86;86;087_f325890f.jpg;imagens/Celebrity Faces Dataset/Angelina Jolie/087_f325890f.jpg;;0.2374646279986336;0.231257725999967;0.1664360619997751;0.1477983810000296;0.0951581839999562;;0.2081464940001751;;;0.2102263439992384;0.2020656209988374;0.1422658249994128;0.1154313949991774;0.0646338040005503;;0.1662699660009821;;;;;;;;;;;;0.9403405650009518;1.0644645169995783;1.1046420599996054;1.0433456129994738;1.0596722120008053;;1.1860757819995342;;;0.2810823339987109;0.2517242040012206;0.1794571480004378;0.1663737569997465;0.1291763400004129;;0.2320817489999171;;;;;;;;;;;;0.154084089999742;0.1886386189999029;0.0944405410009494;0.0898879619999206;0.0395863670000835;;0.1437477710005623;;;;;;;;;;;28287.0;474.0;588.0
87;87;088_029ffc54.jpg;imagens/Celebrity Faces Dataset/Angelina Jolie/088_029ffc54.jpg;;0.2220058279999648;0.2073781339986453;0.136088995001046;0.123442721000174;0.0684826760007126;;0.1783285870005784;;;0.197878025999671;0.2024496840003848;0.1014336509997519;0.1076882960005605;0.065253909000603;;0.1562008279997826;;;;;;;;;;;;3.284896860999652;1.0501135110007451;0.972610741000608;0.9916030730000784;0.9826187480011868;;1.1075743430010334;;;2.515072539999892;0.2322510670001065;0.1630514669996046;0.1457106830002885;0.1077040759992087;;0.2256389850008417;;;;;;;;;;;;0.1682170580006641;0.183922039999743;0.09415528199861;0.093784198999856;0.0464882609994674;;0.1554190469996683;;;;;;;;;;;18452.0;474.0;463.0
88;88;089_33e36564.jpg;imagens/Celebrity Faces Dataset/Angelina Jolie/089_33e36564.jpg;;0.3289375450003717;0.2532548099989071;0.1871537449987954;0.1791432899990468;0.1145930420007061;;0.2225202900008298;;;0.206255412000246;0.2078432199996314;0.1310315420014376;0.1285590549996413;0.0692812759989465;;0.1778866589993413;;;;;;;;;;;;2.2664600600000995;1.0497566779995395;1.0797148809997452;1.1207018020013493;1.026292051999917;;1.1830467879990465;;;0.5106776809989242;0.2574135530012427;0.1731039399983274;0.1628480269991996;0.1265210760011541;;0.2390261679993273;;;;;;;;;;;;0.172591298000043;0.1693313969990413;0.1064242490010656;0.0818586940004024;0.0441829640003561;;0.1599311959998886;;;;;;;;;;;46637.0;474.0;573.0
89;89;090_da55509f.jpg;imagens/Celebrity Faces Dataset/Angelina Jolie/090_da55509f.jpg;;0.1674379449996195;0.1559382719988207;0.0991225630004919;0.0825561920009931;0.0341545680003037;;0.1378843000002234;;;0.1969957860001159;0.1950445519996719;0.0941236600010597;0.0855188410005212;0.0444419129999005;;0.1511538269987795;;;;;;;;;;;;0.6379833900009544;0.7187253460015199;0.6639415409990761;0.6805521000005683;0.6575536509990343;;0.7522542189999513;;;0.2524748830001044;0.2314300369998818;0.1734908759990503;0.1411966400009987;0.1064392419993964;;0.2148494310004025;;;;;;;;;;;;0.1511825430006865;0.1766317780002282;0.0956810450006742;0.0738969829999405;0.0308397730004799;;0.1297279499995056;;;;;;;;;;;4818.0;160.0;160.0
90;90;091_b5b4a62f.jpg;imagens/Celebrity Faces Dataset/Angelina Jolie/091_b5b4a62f.jpg;;0.2176715599998715;0.198493824000252;0.1326363249991118;0.1227713570006017;0.0669212100001459;;0.1778296619995671;;;0.1931513389990868;0.1887026220010739;0.1056276639992574;0.1028861659997346;0.0550894200005132;;0.1821402180012228;;;;;;;;;;;;0.9358681899993826;0.9714538200005336;1.0948812520000502;1.037748370999907;1.0377606710007967;;1.0762793280009646;;;0.2427050650003366;0.2373428640003112;0.1907657899992045;0.147792945999754;0.1082255559995246;;0.2152962739983195;;;;;;;;;;;;0.1551867200014385;0.2080909209998935;0.2019932259991037;0.0850824400004057;0.0427518680007779;;0.1449372639999637;;;;;;;;;;;20151.0;474.0;474.0
91;91;092_26130bb1.jpg;imagens/Celebrity Faces Dataset/Angelina Jolie/092_26130bb1.jpg;;0.2351501169996481;0.2207404249984392;0.1399229959988588;0.1363771320011437;0.0775837069995759;;0.1902323230006004;;;0.2126611410003533;0.2076946640008827;0.1173629290005919;0.1133947250000346;0.0621443899999576;;0.1624328670004615;;;;;;;;;;;;0.9405101950014796;1.0868583280007442;1.0152178480002476;1.0672734820000187;1.0205806860012672;;1.1977089230003912;;;0.2836035079999419;0.2643133509991457;0.1766898549994948;0.1659937269996589;0.1343987599993852;;0.2372556570007873;;;;;;;;;;;;0.1581682659998478;0.1658245639991946;0.0899342590000742;0.0928737419999379;0.045951578000313;;0.1359436669990827;;;;;;;;;;;29468.0;474.0;569.0
92;92;093_6ce62543.jpg;imagens/Celebrity Faces Dataset/Angelina Jolie/093_6ce62543.jpg;;0.2501134240010287;0.2329628589995991;0.1595231179999245;0.1425946990002558;0.1019727290004084;;0.2310255270003836;;;0.2159977450010046;0.2192224439986603;0.1257073710003169;0.120719956999892;0.0736758599996392;;0.1795201750010164;;;;;;;;;;;;0.99725627800035;1.0134711539994896;1.0153460600013204;1.0387104179990274;1.0410496019994753;;1.15223209999931;;;0.2562611529992864;0.251580598000146;0.1762510950011346;0.1634320450011728;0.1271068269998068;;0.3000974489987129;;;;;;;;;;;;0.1657382690009399;0.168593938999038;0.0879841709993343;0.0849219430001539;0.0446744260007108;;0.1480978039999172;;;;;;;;;;;31599.0;474.0;568.0
93;93;094_c255b703.jpg;imagens/Celebrity Faces Dataset/Angelina Jolie/094_c255b703.jpg;;0.2313606799998524;0.2021058039990748;0.1355752489998849;0.1255428689983091;0.0729304180003964;;0.1812097199999698;;;0.2204757970011996;0.2065825200006656;0.1128174969999236;0.0952368660000502;0.0520309019993874;;0.2046575380009017;;;;;;;;;;;;0.9589752270003372;1.0862522419993184;1.032061228999737;1.0808014849990286;1.0435142290007209;;1.134278796000217;;;0.2904189300006692;0.2668473470002936;0.1891573770008108;0.1699258830012695;0.1246387679984764;;0.2405602440012444;;;;;;;;;;;;0.1845660529997985;0.1750962790010817;0.0849864009996963;0.0867589030003728;0.0726782359997741;;0.1478079770004114;;;;;;;;;;;26029.0;474.0;587.0
94;94;095_0be163a1.jpg;imagens/Celebrity Faces Dataset/Angelina Jolie/095_0be163a1.jpg;;0.2625926290002098;0.2471113840001635;0.1812418760000582;0.1729015830005664;0.1159199889989395;;0.2386578529985854;;;0.2308850610006629;0.2873293749998993;0.1355464680000295;0.1191365440008667;0.0802171810009895;;0.1765993450007954;;;;;;;;;;;;1.036944091998521;1.0267625189990213;1.0544497899991256;1.0900660999996037;1.0626692559999356;;1.2028622210000322;;;0.2703771319993393;0.2526204009991488;0.1785347650002222;0.1640609599999152;0.1268859200008592;;0.2377504169999156;;;;;;;;;;;;0.1629177369995886;0.1762856209988967;0.1222051079985249;0.0849896729996544;0.0528675919995293;;0.1483273000012559;;;;;;;;;;;51286.0;474.0;592.0
95;95;096_75710434.jpg;imagens/Celebrity Faces Dataset/Angelina Jolie/096_75710434.jpg;;0.1773678939989622;0.1562619209998956;0.0904044309991149;0.0800700829986453;0.0430898849990626;;0.144448287999694;;;0.1658183939998707;0.1879072829997312;0.1136445219999586;0.0911870079999062;0.0471318359996075;;0.1749495289986953;;;;;;;;;;;;2.8707849540005554;0.6687072579989035;0.6026201599997876;0.6480780439997034;0.5756906920014444;;0.7570239569995465;;;2.5877578649997304;0.2302822190013103;0.1733527500000491;0.1463130659994931;0.1075250430003507;;0.232836313000007;;;;;;;;;;;;0.1708656500013603;0.1763688869996258;0.0806916090004961;0.0697852079993026;0.0276543540003331;;0.135456117999638;;;;;;;;;;;5974.0;160.0;150.0
96;96;097_9a6bf61f.jpg;imagens/Celebrity Faces Dataset/Angelina Jolie/097_9a6bf61f.jpg;;0.2604182929990202;0.2499576120007987;0.1716621310006303;0.1594067909991281;0.112547024999003;;0.2152588019998802;;;0.1992163659997459;0.2197141120013839;0.1285525800012692;0.132484335999834;0.0813332649995572;;0.1931789939990267;;;;;;;;;;;;1.4345252200000689;1.109220672000447;1.0991710130001593;1.0987462729990511;1.1022930719991564;;1.2188686130011774;;;0.2487026629987667;0.249734836999778;0.1929460699993797;0.1667515720000665;0.1307054079989029;;0.2431004749996645;;;;;;;;;;;;0.1783317169993097;0.1882584590002807;0.0891440840005088;0.0820761069990112;0.0434195719990384;;0.1398613990004378;;;;;;;;;;;28662.0;474.0;582.0
97;97;098_dd1405fc.jpg;imagens/Celebrity Faces Dataset/Angelina Jolie/098_dd1405fc.jpg;;0.2596626020003896;0.242103593000138;0.1655099729996436;0.1512040329998853;0.1013938050000433;;0.2148857610009145;;;0.2019599529994593;0.2042292749993066;0.141981773000225;0.1100047859999904;0.0655790410000918;;0.162962370999594;;;;;;;;;;;;1.3537847860006875;1.0458060639994071;1.035727059999772;1.108173357999476;1.0373921230002452;;1.1984570360000362;;;0.2513045929990767;0.251395445999151;0.1820512400008738;0.1658194720002939;0.1288534939994861;;0.2448040489998675;;;;;;;;;;;;0.157604275000267;0.197415971000737;0.092416683999545;0.0841595660003804;0.0460714199998619;;0.1434125079995283;;;;;;;;;;;42252.0;474.0;581.0
98;98;099_c22d3e48.jpg;imagens/Celebrity Faces Dataset/Angelina Jolie/099_c22d3e48.jpg;;0.2131477660004748;0.1949981360012316;0.1211552580007264;0.1157889880014408;0.0615309130007517;;0.1743609519999154;;;;;;;;;;;;;;;;;;;;;1.0562470180011587;1.11729786000069;1.0469233140011056;1.051985240999784;1.0496076029994583;;1.1698104939987388;;;0.259881944000881;0.2480860389987356;0.1969916979996924;0.1628938319990993;0.1598501469998154;;0.2329092469990428;;;;;;;;;;;;0.1842098159995657;0.1728856849986186;0.0919020129986165;0.076430185999925;0.0403622570011066;;0.141248390000328;;;;;;;;;;;28263.0;474.0;573.0
99;99;100_31ff9373.jpg;imagens/Celebrity Faces Dataset/Angelina Jolie/100_31ff9373.jpg;;0.2181544569994002;0.2130379909995099;0.1423348930002248;0.1283979079998971;0.0910984060010378;;0.1858581670003332;;;0.1994763610000518;0.1848728420009138;0.1167242150004312;0.1246201550002297;0.0763046240008407;;0.1707508609997603;;;;;;;;;;;;2.1809146819996386;1.0116445229996316;1.0054982929996186;1.0733481749994098;0.9824068739999348;;1.174093551999249;;;0.9454456879993812;0.257620771000802;0.1801385810013016;0.1617396240017115;0.1248094270013098;;0.2329967500008933;;;;;;;;;;;;0.1725681909993;0.1663827760003187;0.0850941909993707;0.09245221799938;0.0430041990002791;;0.1454497930008074;;;;;;;;;;;27726.0;474.0;578.0
