;filename;relative_path;GPU_opencv_Dlib;GPU_opencv_Facenet512;GPU_opencv_Facenet;GPU_opencv_ArcFace;GPU_opencv_OpenFace;GPU_opencv_DeepID;GPU_opencv_DeepFace;GPU_opencv_GhostFaceNet;GPU_opencv_sFace;GPU_ssd_Dlib;GPU_ssd_Facenet512;GPU_ssd_Facenet;GPU_ssd_ArcFace;GPU_ssd_OpenFace;GPU_ssd_DeepID;GPU_ssd_DeepFace;GPU_ssd_GhostFaceNet;GPU_ssd_sFace;GPU_dlib_Dlib;GPU_dlib_Facenet512;GPU_dlib_Facenet;GPU_dlib_ArcFace;GPU_dlib_OpenFace;GPU_dlib_DeepID;GPU_dlib_DeepFace;GPU_dlib_GhostFaceNet;GPU_dlib_sFace;GPU_mtcnn_Dlib;GPU_mtcnn_Facenet512;GPU_mtcnn_Facenet;GPU_mtcnn_ArcFace;GPU_mtcnn_OpenFace;GPU_mtcnn_DeepID;GPU_mtcnn_DeepFace;GPU_mtcnn_GhostFaceNet;GPU_mtcnn_sFace;GPU_retinaface_Dlib;GPU_retinaface_Facenet512;GPU_retinaface_Facenet;GPU_retinaface_ArcFace;GPU_retinaface_OpenFace;GPU_retinaface_DeepID;GPU_retinaface_DeepFace;GPU_retinaface_GhostFaceNet;GPU_retinaface_sFace;GPU_yolov8_Dlib;GPU_yolov8_Facenet512;GPU_yolov8_Facenet;GPU_yolov8_ArcFace;GPU_yolov8_OpenFace;GPU_yolov8_DeepID;GPU_yolov8_DeepFace;GPU_yolov8_GhostFaceNet;GPU_yolov8_sFace;GPU_yunet_Dlib;GPU_yunet_Facenet512;GPU_yunet_Facenet;GPU_yunet_ArcFace;GPU_yunet_OpenFace;GPU_yunet_DeepID;GPU_yunet_DeepFace;GPU_yunet_GhostFaceNet;GPU_yunet_sFace;GPU_fastmtcnn_Dlib;GPU_fastmtcnn_Facenet512;GPU_fastmtcnn_Facenet;GPU_fastmtcnn_ArcFace;GPU_fastmtcnn_OpenFace;GPU_fastmtcnn_DeepID;GPU_fastmtcnn_DeepFace;GPU_fastmtcnn_GhostFaceNet;GPU_fastmtcnn_sFace
0;001_fe3347c0.jpg;imagens/Celebrity Faces Dataset/Angelina Jolie/001_fe3347c0.jpg;;3.8002144639995095;2.0229168879995996;2.725314826000613;2.7052615430002334;0.691770744000678;;3.298535430998527;;;0.2427433890006796;0.19971596499999578;0.14119048100110376;0.1231121639993944;0.07834777700008999;;0.1852586169989081;;;;;;;;;;;;5.219755280000754;1.0597446720003063;1.072398931000862;1.118176781999864;1.0489496079990204;;1.2228136009998707;;;10.67881217500144;0.291022442999747;0.183469306999541;0.19004163299905485;0.12728516000061063;;0.237973265000619;;;;;;;;;;;;0.1797400449995621;0.19597026200062828;0.102844875998926;0.07852775600076711;0.03680337600053463;;0.15098380400013411;;;;;;;;;;
1;002_8f8da10e.jpg;imagens/Celebrity Faces Dataset/Angelina Jolie/002_8f8da10e.jpg;;0.2562168879994715;0.24604080000062822;0.18136815000070783;0.15546327700030815;0.0970421530000749;;0.22544106100031058;;;0.20521855900005903;0.213529994000055;0.13936528699923656;0.13488309099921025;0.08678316399891628;;0.20591638400037482;;;;;;;;;;;;4.062398386999121;0.986813854000502;0.9473486740007502;1.0294167880001623;1.029190931998528;;1.1516352409998944;;;2.5635069069994643;0.2765908479996142;0.16198051699939242;0.1819182749986794;0.10886752000078559;;0.21079043400095543;;;;;;;;;;;;0.16943833900040772;0.1678601500007062;0.11288025099929655;0.0831189259988605;0.04682369300098799;;0.16606417000002693;;;;;;;;;;
2;003_57612506.jpg;imagens/Celebrity Faces Dataset/Angelina Jolie/003_57612506.jpg;;0.245230418000574;0.23400085100001888;0.15979833100027463;0.15518815200084646;0.10527553599968087;;0.22352435199900356;;;0.20842633900065266;0.199202679001246;0.13598337499934132;0.12710674699883384;0.07689533200027654;;0.18882532700081356;;;;;;;;;;;;2.0182343129999936;0.9911450199997489;1.0065227630002482;1.087392532001104;1.051397678000285;;1.1871544789992186;;;0.6884996970002248;0.3886211839999305;0.23808668600031524;0.24006185400139657;0.13156742399951327;;0.3545955720001075;;;;;;;;;;;;0.18300164799984486;0.20208499199907237;0.12337122299868497;0.0874283330012986;0.04339509400051611;;0.14771824499985087;;;;;;;;;;
3;004_f61e7d0c.jpg;imagens/Celebrity Faces Dataset/Angelina Jolie/004_f61e7d0c.jpg;;0.191681645999779;0.15809424899998703;0.08624065500043798;0.08504129900029511;0.04059213500113401;;0.14995956100028707;;;0.17022131100020488;0.19544458299969847;0.10399450099976093;0.08057922899934056;0.05957161399965116;;0.14729652800087933;;;;;;;;;;;;2.4781744190004247;0.7048937609997665;0.5816713590011204;0.6518875660003687;0.62005693699939;;0.7356213360017136;;;2.6660272479984997;0.25604619899968384;0.1740534669988847;0.17934676699951524;0.11898850699981267;;0.22395158299877949;;;;;;;;;;;;0.1783046149994334;0.15660115200080327;0.10184104499967361;0.061489693998737494;0.03520005900099932;;0.15509341899996798;;;;;;;;;;
4;005_582c121a.jpg;imagens/Celebrity Faces Dataset/Angelina Jolie/005_582c121a.jpg;;0.45136096399983217;0.2354843230004917;0.13993382199987536;0.13642074900053558;0.08441486499941675;;0.1966510880010901;;;0.19013035900024988;0.1921336320010596;0.12979671900029643;0.10459627100135549;0.07021984400125802;;0.196769778000089;;;;;;;;;;;;3.9557017469996936;0.9832990099985182;1.0207701620001899;1.0201586579987634;1.017537944999276;;1.1688798720006162;;;2.671194917000321;0.26035725199835724;0.1750380329995096;0.15867512600016198;0.11432098499972199;;0.21711791999950947;;;;;;;;;;;;0.1600182610000047;0.1941917390013259;0.10946381699977792;0.09474349499942036;0.04671623600006569;;0.16537881499971263;;;;;;;;;;
5;006_9135205d.jpg;imagens/Celebrity Faces Dataset/Angelina Jolie/006_9135205d.jpg;;0.4666193840002961;0.3969482770007744;0.2766808950000268;0.22392197500084876;0.11912130400014576;;0.3724050829987391;;;0.19704828999965684;0.20184057500046038;0.16097529199942073;0.1230544350000855;0.07407535600032134;;0.1730383209996944;;;;;;;;;;;;1.7738519310005358;1.2143102350000845;1.0325406079991808;1.1214839909989678;1.1366736399995716;;1.3262754389998008;;;0.5913169049999851;0.5275922700002411;0.3045586820007884;0.2926355780000449;0.1430442769997171;;0.4564745000006951;;;;;;;;;;;;0.16813416600052733;0.20527534100074263;0.1100220789994637;0.08138118799979566;0.04991145799976948;;0.14576375800061214;;;;;;;;;;
6;007_cabbfcbb.jpg;imagens/Celebrity Faces Dataset/Angelina Jolie/007_cabbfcbb.jpg;;0.22663743300108763;0.20739871399928234;0.12736012500135985;0.11611796500073979;0.08346315800008597;;0.1855523379999795;;;0.1907370839999203;0.17191083999932744;0.11446735099889338;0.12444338200111815;0.06464618600148242;;0.17764480900041235;;;;;;;;;;;;3.320694068999728;0.9956958230013697;0.8513457110002491;1.0004285699997126;0.9165316979997442;;1.055263460999413;;;2.5122947019990534;0.2327147479991254;0.17281413599994266;0.16260687000067264;0.11157789800017781;;0.2290285489998496;;;;;;;;;;;;0.210601457998564;0.16413961599937466;0.10448918899965065;0.08233488299993041;0.041100555999946664;;0.17039965500043763;;;;;;;;;;
7;008_d1f87068.jpg;imagens/Celebrity Faces Dataset/Angelina Jolie/008_d1f87068.jpg;;0.38625331900038873;0.381615905000217;0.21171900999979698;0.21159253499899933;0.0957039810000424;;0.3289978909997444;;;0.18683341999894765;0.2113461320004717;0.13415991500005475;0.10822327499954554;0.07060498699866002;;0.1662841599991225;;;;;;;;;;;;1.499585614001262;0.9731508909990225;0.939411913001095;1.0594331869997404;1.02889484699881;;1.1178650940000807;;;0.26312657299968123;0.23545256899888045;0.16143421800006763;0.15371780500026944;0.10872992199983855;;0.21182335499906912;;;;;;;;;;;;0.1979594009990251;0.15505114999905345;0.09566631200141273;0.08631085300112318;0.03475400500065007;;0.16620344600050885;;;;;;;;;;
8;009_fb3e6174.jpg;imagens/Celebrity Faces Dataset/Angelina Jolie/009_fb3e6174.jpg;;0.23448207299952628;0.24045845699947677;0.14593049799987057;0.13640456599932804;0.0927254960006394;;0.20606845799920848;;;0.19156243100042047;0.21112418200027605;0.16600724299860303;0.10432313499950396;0.07521812399863848;;0.17515136700058065;;;;;;;;;;;;1.3835605000003852;1.034197115999632;1.0231947799984482;1.0629422180008987;1.0014797389994783;;1.1764348839988088;;;0.2598097539994342;0.24093932299911103;0.17600349100030144;0.16732426899943675;0.12185659699935059;;0.22387516399976448;;;;;;;;;;;;0.18086084100104927;0.15613442199901328;0.11958054500064463;0.08602984299977834;0.04328160399927583;;0.14941984100005357;;;;;;;;;;
9;010_f99d79e3.jpg;imagens/Celebrity Faces Dataset/Angelina Jolie/010_f99d79e3.jpg;;0.4082993259999057;0.42335115099922405;0.24885521699980018;0.2384489369997027;0.13758579599925724;;0.3595508140006132;;;0.19597294199957105;0.21600823699918692;0.13032201200076088;0.12181914900065749;0.07013481300054991;;0.1897748910014343;;;;;;;;;;;;1.460297895999247;1.2710337200005597;1.0791006559993548;1.14665752899964;1.0438212039989594;;1.3227928189990052;;;0.40631828699952166;0.3762168359990028;0.24234837100084405;0.22343613599878154;0.1374084879989823;;0.34527199900003325;;;;;;;;;;;;0.3357329749997007;0.30850495000049705;0.16881591600031243;0.14511825400040834;0.07458623200000147;;0.28411342700019304;;;;;;;;;;
10;011_7344ca35.jpg;imagens/Celebrity Faces Dataset/Angelina Jolie/011_7344ca35.jpg;;0.24644163599987223;0.240479915000833;0.145840582999881;0.14335974099958548;0.09787542699996266;;0.21636880199912412;;;0.18529055599901767;0.1894593849992816;0.11188215800029866;0.12153886200030684;0.057128706999719725;;0.163814564999484;;;;;;;;;;;;4.318056953999985;1.018854283998735;0.9654117230002157;1.0204706780004926;0.9891913650008064;;1.15215657599947;;;2.6023907309991046;0.23799684200093907;0.2815260239985946;0.1618024580002384;0.13110044400127663;;0.2257140410001739;;;;;;;;;;;;0.20277553300002182;0.16293703600058507;0.11181641700022737;0.09067155199954868;0.03439850999893679;;0.17972155999996176;;;;;;;;;;
11;012_cfcd4007.jpg;imagens/Celebrity Faces Dataset/Angelina Jolie/012_cfcd4007.jpg;;0.2564498020001338;0.23634482299894444;0.14623269999901822;0.1427444339988142;0.09860113700051443;;0.20653232299991942;;;0.19292310300079407;0.2323789530000795;0.1326919809998799;0.12469255799987877;0.08055972200054384;;0.16793339899959392;;;;;;;;;;;;3.888889489000576;0.9826415669995185;0.9449922839994542;1.0265388940006233;1.0331081229996926;;1.1945533199996134;;;2.3977301329996408;0.2463127720002376;0.17888958299954538;0.17488951399900543;0.12657195599967963;;0.23089966099905723;;;;;;;;;;;;0.19762848400023358;0.17081077500006359;0.10868104899964237;0.09007060600015393;0.035658587999932934;;0.1328690070004086;;;;;;;;;;
12;013_95ecbd39.jpg;imagens/Celebrity Faces Dataset/Angelina Jolie/013_95ecbd39.jpg;;0.22503406799842196;0.23389449500064075;0.14054151900018041;0.13514918600048986;0.0836508739994315;;0.19475332900037756;;;0.19545774400103255;0.24528454400024202;0.13582588699864573;0.10990571799993631;0.06687049199899775;;0.19252539700028137;;;;;;;;;;;;1.3629766270005348;0.9310613620000368;0.9053194139996776;1.0041969739995693;0.8962650180001219;;1.122209990000556;;;0.25637286699929973;0.24746105399935914;0.16391500899953826;0.1682887370006938;0.10569972899975255;;0.21324402300160727;;;;;;;;;;;;0.1992066849998082;0.18201100500118628;0.0970442150010058;0.09015111299959244;0.03938467700027104;;0.14501384800132655;;;;;;;;;;
13;014_0d29db88.jpg;imagens/Celebrity Faces Dataset/Angelina Jolie/014_0d29db88.jpg;;0.37696727299953636;0.3915496420013369;0.21094682900002226;0.2036128359995928;0.09510298900022462;;0.3460550760009937;;;0.1990498650011432;0.20759575000010955;0.12563081499865802;0.10955034400103614;0.06694412499928148;;0.18668199899911997;;;;;;;;;;;;3.5686417570013873;0.9513563979999162;0.9497468010013108;1.0682948429985117;1.0267407070004992;;1.1747046779983066;;;2.5044603669994103;0.23730382400026429;0.19116003999988607;0.16730749399903289;0.1173665610003809;;0.223055051999836;;;;;;;;;;;;0.16961942499983707;0.17151943900171318;0.12654689100054384;0.09835842400025285;0.06659636400036106;;0.14184460599972226;;;;;;;;;;
14;015_8bac79b5.jpg;imagens/Celebrity Faces Dataset/Angelina Jolie/015_8bac79b5.jpg;;0.24748440500115976;0.2644819360011752;0.16091931099981593;0.1557434110000031;0.10221268100031011;;0.22340835399882053;;;0.19974940899919602;0.2093906500012963;0.11909142799959227;0.1201259850004135;0.07522707099997206;;0.16695369300032326;;;;;;;;;;;;2.700246870999763;1.0311461360015528;1.0009943679997377;1.0313724940006068;0.9771648120004102;;1.2026571339993097;;;1.6686439489985787;0.2532447930007038;0.18709237299844972;0.17956213900106377;0.12395865899998171;;0.22892089599918108;;;;;;;;;;;;0.1681844499998988;0.1713761949995387;0.09981140699892421;0.08532665200073097;0.04895800499980396;;0.14776598200114677;;;;;;;;;;
15;016_8945d6ca.jpg;imagens/Celebrity Faces Dataset/Angelina Jolie/016_8945d6ca.jpg;;0.26933190999989165;0.23202912600027048;0.14864450300046883;0.1439187440009846;0.1002736989994446;;0.20695974500085867;;;0.1887087570012227;0.20114221800031373;0.1349375930003589;0.11941375899914419;0.06995127600021078;;0.19922496199978923;;;;;;;;;;;;3.7228338469994924;0.9903384909994202;0.9768830510001862;1.101379226998688;1.0887233590001415;;1.1192138490005163;;;1.6548236300004646;0.24558128400167334;0.18849409100039338;0.17349531800027762;0.12661005200061481;;0.2409047900000587;;;;;;;;;;;;0.16145720399981656;0.16709557400099584;0.10202624700104934;0.08556530900023063;0.045117673000277136;;0.1672221390017512;;;;;;;;;;
16;017_e28ea9d4.jpg;imagens/Celebrity Faces Dataset/Angelina Jolie/017_e28ea9d4.jpg;;0.24927500099875033;0.253223388999686;0.16612801199880778;0.15416906100108463;0.10961187000066275;;0.22411283799920056;;;0.19974328600073932;0.21815476700066938;0.1350589300000138;0.12157542400018428;0.07600357699993765;;0.21523447099934856;;;;;;;;;;;;1.4099904419999802;1.0591139429998293;0.9475280570004543;1.030065573999309;1.0044546089993673;;1.1989499620012793;;;0.23987732399837114;0.24157696799920814;0.1899749399999564;0.18376731799980917;0.1240095189987187;;0.2306269840009918;;;;;;;;;;;;0.1629496139994444;0.17456841700004588;0.08888365399980103;0.0701727559990104;0.04335192000144161;;0.14662433000012243;;;;;;;;;;
17;018_fcafe1a8.jpg;imagens/Celebrity Faces Dataset/Angelina Jolie/018_fcafe1a8.jpg;;0.21934114400028193;0.22746491200086894;0.1334197780015529;0.13094706700030656;0.07486034300018218;;0.18873439600065467;;;0.19214641799953824;0.19087920600031794;0.11308254199866496;0.09443443500094872;0.05622032699830015;;0.1644583959987358;;;;;;;;;;;;1.1292024630001833;0.9489096670004074;0.960576368999682;1.0502639320002345;0.9856549280011677;;1.0947261580004124;;;0.22965792399918428;0.224696106999545;0.16055213500112586;0.15389272100037488;0.11057448300016404;;0.21249724000153947;;;;;;;;;;;;0.17112411400012206;0.195684980999431;0.09345785199911916;0.08525518799979181;0.051974635000078706;;0.18296810100036964;;;;;;;;;;
18;019_57ab290d.jpg;imagens/Celebrity Faces Dataset/Angelina Jolie/019_57ab290d.jpg;;0.25042921699969156;0.233716935999837;0.15766982700006338;0.14373264300047595;0.09188586699929147;;0.21042074099932506;;;0.18867850399874442;0.1758748240008572;0.11498096400100621;0.11738464900008694;0.06078163100028178;;0.18748749699989276;;;;;;;;;;;;1.573013526000068;1.0496830249994673;1.0397180070012837;1.0685346099999151;1.0351897030013788;;1.275217196000085;;;0.24433141999907093;0.26186854699881223;0.19902487400031532;0.1740676129993517;0.12800360799883492;;0.2335182659990096;;;;;;;;;;;;0.1955741419988044;0.1823838150012307;0.10225925800114055;0.07578728800035606;0.035460027000226546;;0.1744231390002824;;;;;;;;;;
19;020_4c4b655f.jpg;imagens/Celebrity Faces Dataset/Angelina Jolie/020_4c4b655f.jpg;;0.27081427200027974;0.2580529970000498;0.17694494299939834;0.15749335800137487;0.10363042800054245;;0.21548600800088025;;;0.18958881300022767;0.19566419200054952;0.12158698900020681;0.10159648199987714;0.06858189599915931;;0.18075627200050803;;;;;;;;;;;;1.311129042000175;0.9915787109985104;1.0017433579996577;1.0769377349988645;1.0166157960011333;;1.161820119999902;;;0.2386692049985868;0.2558389750010974;0.19309948599948257;0.18221824200008996;0.12139327700060676;;0.23460868400070467;;;;;;;;;;;;0.19762670299860474;0.16309020500011684;0.10915308000039659;0.07865034399947035;0.041424646999075776;;0.13802556900009222;;;;;;;;;;
20;021_6e419870.jpg;imagens/Celebrity Faces Dataset/Angelina Jolie/021_6e419870.jpg;;0.21694451099938306;0.221275603000322;0.13083302499944693;0.12863973200001055;0.07886065200000303;;0.19037941199894703;;;0.18390869300128543;0.19819673099846113;0.10265494700070121;0.09109375700063538;0.06516182100131118;;0.1779044340000837;;;;;;;;;;;;2.8629120989990042;1.085612229000617;0.9738946500001475;1.0267997039991315;1.033169813999848;;1.2135610120003548;;;2.1431860870015953;0.2429639349993522;0.18059217100017122;0.18413778700050898;0.1250488569985464;;0.22962108700085082;;;;;;;;;;;;0.1699636779994762;0.1583102719996532;0.0909997309991013;0.08888767899952654;0.048278969999955734;;0.16578036899954895;;;;;;;;;;
21;022_b497b92e.jpg;imagens/Celebrity Faces Dataset/Angelina Jolie/022_b497b92e.jpg;;0.2470111229995382;0.2601217239989637;0.17132365599900368;0.16169169600107125;0.10986968299948785;;0.21446379200097;;;0.20753640300063125;0.23315963499953796;0.12946534200091264;0.12381397100034519;0.08530125399920507;;0.19320720299947425;;;;;;;;;;;;2.527373216998967;0.9663173620010639;0.96284846799972;0.9936845089996496;0.9940500179982337;;1.2028743200007739;;;2.1817908530010754;0.2518237069998577;0.16698746400106756;0.16299095699832833;0.11706313200011209;;0.21838602699972398;;;;;;;;;;;;0.21600921699973696;0.19532840699866938;0.12183740299951751;0.08792949700000463;0.04879996599993319;;0.1913282990008156;;;;;;;;;;
22;023_7781dd1c.jpg;imagens/Celebrity Faces Dataset/Angelina Jolie/023_7781dd1c.jpg;;0.23592007700062823;0.2519473869997455;0.1494056730007287;0.14648864199989475;0.08976591099963116;;0.22049353199872712;;;0.17970527000034053;0.24559112899987667;0.1081215300000622;0.11650583899972844;0.05697281200082216;;0.17929513800118002;;;;;;;;;;;;1.4549604719995841;1.020031295998706;1.0082139160003862;1.0032615149993944;0.9903789140007575;;1.1468410150009731;;;0.24379578200023388;0.2530045350013097;0.1700305410013243;0.167345073999968;0.12376032399879477;;0.2249400840009912;;;;;;;;;;;;0.20214263900015794;0.18300073799946404;0.09741345400107093;0.08634273200004827;0.05350496899882273;;0.14507297099953576;;;;;;;;;;
23;024_ca32be97.jpg;imagens/Celebrity Faces Dataset/Angelina Jolie/024_ca32be97.jpg;;0.16944137800055614;0.16400888499993016;0.08923753300041426;0.08910182799991162;0.044449252000049455;;0.1556705029997829;;;0.18655246599882958;0.19029029800003627;0.1048679319992516;0.08700501599923882;0.051242869998532115;;0.1410183900006814;;;;;;;;;;;;2.598140202999275;0.644059981999817;0.6642151470005047;0.6755379240003094;0.641025262999392;;0.8159600399994815;;;0.22526910099986708;0.24898996299998544;0.15978768399872934;0.1489467869996588;0.10696508299952256;;0.20486243000050308;;;;;;;;;;;;0.16138862300067558;0.15683771400108526;0.0904681759984669;0.07116421699902276;0.034927206999782356;;0.13634975199965993;;;;;;;;;;
24;025_41cee764.jpg;imagens/Celebrity Faces Dataset/Angelina Jolie/025_41cee764.jpg;;0.2215305299996544;0.24150182199991832;0.14257472299868823;0.1381436270003178;0.08980551400054537;;0.206042988000263;;;0.18430934500065632;0.20278318999953626;0.12986498899954313;0.11105523799960793;0.0467624060001981;;0.1566809510004532;;;;;;;;;;;;2.500649142999464;0.98533056999986;1.0132352329983405;0.9845606720009528;1.047945010001058;;1.2582769509990612;;;0.4673263200002111;0.26013502400019206;0.1864890139986528;0.1783959020012844;0.12477174599916907;;0.26282735299901105;;;;;;;;;;;;0.17268367300130194;0.183909715999107;0.10817140299877792;0.09640875299919571;0.039049289998729364;;0.1460974890014768;;;;;;;;;;
25;026_2828fcaf.jpg;imagens/Celebrity Faces Dataset/Angelina Jolie/026_2828fcaf.jpg;;0.23918019700067816;0.2579798110000411;0.1880725060000259;0.1395914909990097;0.09693733799940674;;0.20525126499887847;;;0.18636057999901823;0.20604944899969269;0.1472592979989713;0.1198227830009273;0.07144661299935251;;0.1577632349999476;;;;;;;;;;;;1.0683074619992112;1.0970350040006451;0.9880328780000127;1.048109895999005;0.9526007559998106;;1.169574008001291;;;0.24153665199992247;0.2437909510008467;0.1805490650003776;0.176584148000984;0.12188922600034857;;0.240317423000306;;;;;;;;;;;;0.19002834300044924;0.1725772589998087;0.10302589599996281;0.0815321740010404;0.04173405400069896;;0.14942271300060384;;;;;;;;;;
26;027_58887f30.jpg;imagens/Celebrity Faces Dataset/Angelina Jolie/027_58887f30.jpg;;0.2343812010003603;0.2364955180000834;0.15040465099991707;0.14449659700039774;0.08900458400057687;;0.2014472279988695;;;0.20413189299870282;0.183340567000414;0.1361663640000188;0.11281308099933085;0.05911798499982979;;0.16176950200133433;;;;;;;;;;;;1.572773710000547;1.0008411409999098;0.9575622290012689;1.0528808849994675;1.0304937839991908;;1.1257052309993014;;;0.245879991000038;0.2713749279992044;0.18492255400087743;0.1773609289994056;0.1275744249996933;;0.23089553300087573;;;;;;;;;;;;0.19335062600111996;0.1692831380005373;0.10373196199907397;0.08880715899977076;0.04925316600019869;;0.15354519700122182;;;;;;;;;;
27;028_6a0ff8de.jpg;imagens/Celebrity Faces Dataset/Angelina Jolie/028_6a0ff8de.jpg;;0.23972440400029882;0.24877668900080607;0.14742555500015442;0.14748630700159993;0.08778483599962783;;0.2060371949992259;;;0.19009518399980152;0.18303231000027154;0.1467193190001126;0.10938301299938757;0.07577781600048183;;0.1785476410004776;;;;;;;;;;;;1.0774121489994286;0.9705532179996226;0.9421520690011675;1.0076524630003405;0.9717575779995968;;1.1460368089992699;;;0.40886617499927524;0.35890333499992266;0.21786039600010554;0.2186245120010426;0.12095956499979366;;0.3767880920004245;;;;;;;;;;;;0.1963023839998641;0.1965644779993454;0.10596946300029231;0.10854438800015487;0.043000505000236444;;0.1549587999998039;;;;;;;;;;
28;029_f2882b0d.jpg;imagens/Celebrity Faces Dataset/Angelina Jolie/029_f2882b0d.jpg;;0.21307608999995864;0.18743662199995015;0.0868179479984974;0.08358833199963556;0.038044437000280595;;0.1390058279994264;;;0.201525362999746;0.20898378799938655;0.10446170199975313;0.11294226900099602;0.0517014899996866;;0.16897135199906188;;;;;;;;;;;;1.6170039549997455;0.6464299100007338;0.6371521089986345;0.6603612300004897;0.6652872270005901;;0.7067657810002856;;;0.8910256950002804;0.2498856740003248;0.17270845200073381;0.16566622299978917;0.12009936599861248;;0.22796139999991283;;;;;;;;;;;;0.15799141899879032;0.16328119200079527;0.0901537930003542;0.07437191499957407;0.029713859999901615;;0.15896498400070413;;;;;;;;;;
29;030_66bddeb6.jpg;imagens/Celebrity Faces Dataset/Angelina Jolie/030_66bddeb6.jpg;;0.3906573900003423;0.3988392160008516;0.20883059599873377;0.21546032299920626;0.10219909599982202;;0.31957046699972125;;;0.1875736820002203;0.20814799999971;0.11602375200163806;0.10127492399988114;0.060090684000897454;;0.1773452110010112;;;;;;;;;;;;4.602512527999352;1.4053260239998053;1.1428853510005865;1.1821173730004375;1.0197118659998523;;1.407027132998337;;;2.719665876000363;0.4991140689999156;0.28922947399951227;0.27998897500037856;0.16916054199828068;;0.4798158660014451;;;;;;;;;;;;0.17991499500021746;0.21533462200022768;0.09335556800033373;0.0886600850008108;0.04635281900118571;;0.1773508229998697;;;;;;;;;;
30;031_2364f4d8.jpg;imagens/Celebrity Faces Dataset/Angelina Jolie/031_2364f4d8.jpg;;0.16977729700010968;0.1771430339995277;0.09173538899995037;0.07716377700126031;0.04426725300072576;;0.1418846209999174;;;0.17451324200010276;0.18801788900054817;0.09708422599942423;0.09702362899952277;0.04160718099956284;;0.14053556399994704;;;;;;;;;;;;2.807743577999645;0.6605008020014793;0.6093221789997187;0.659713955999905;0.6055042120005965;;0.7589979530002893;;;1.007802038000591;0.24373373399976117;0.1658266989998083;0.16267845299989858;0.11771086099906825;;0.2221370229999593;;;;;;;;;;;;0.16320934599934844;0.1457299840003543;0.08490485400034231;0.07544494399917312;0.027465229999506846;;0.1469340089988691;;;;;;;;;;
31;032_db66bd61.jpg;imagens/Celebrity Faces Dataset/Angelina Jolie/032_db66bd61.jpg;;0.25929961200017715;0.27223757800129533;0.17422127000099863;0.1576670020003803;0.11449910600094881;;0.22783601300034206;;;0.2002969100012706;0.2281481160007388;0.14215425300062634;0.11672164400079055;0.07446315100060019;;0.19736542100145016;;;;;;;;;;;;2.6079733229998965;1.0494625360006467;0.8668752000012319;1.0585225810009433;1.1043306270003086;;1.1578314099988347;;;1.7666070119994401;0.24679377599932195;0.17077807599889638;0.17546273100015242;0.12289781099934771;;0.2276636580008926;;;;;;;;;;;;0.18209904500145058;0.1856808890006505;0.09848569099995075;0.08241546200042649;0.040802675001032185;;0.16374560199983534;;;;;;;;;;
32;033_23e68208.jpg;imagens/Celebrity Faces Dataset/Angelina Jolie/033_23e68208.jpg;;0.2483309189992724;0.25558595199981937;0.17872915899897635;0.15950319900002796;0.11333817499871657;;0.21871283800101082;;;0.2135987860001478;0.22346289300003264;0.12589083400052914;0.13568339300036314;0.07422605600004317;;0.19557983599952422;;;;;;;;;;;;2.305506446999061;1.1039219169997523;0.9467591390002781;1.0838162439995358;1.0025800530002016;;1.0881505090001156;;;0.8914115739989938;0.27025619199957873;0.21894323699962115;0.17190616199877695;0.12553112999921723;;0.2440563390009629;;;;;;;;;;;;0.1954098120004346;0.1628722179993929;0.12100702700081456;0.08548231099848635;0.042371232999357744;;0.17804901499948755;;;;;;;;;;
33;034_418fbbdb.jpg;imagens/Celebrity Faces Dataset/Angelina Jolie/034_418fbbdb.jpg;;0.22071865500038257;0.23100248700029624;0.14484939199974178;0.12309218200061878;0.0915100269994582;;0.24887991000105103;;;0.19073281999953906;0.19480154299890273;0.13007414000094286;0.1204138619996229;0.06963894399996207;;0.1722188889998506;;;;;;;;;;;;1.0527288260000205;1.011570259999644;0.8325277010007994;1.0000332060008077;0.9639754990002984;;1.129690092000601;;;0.22671618099957414;0.2355377519998001;0.1599579529993207;0.14840939699934097;0.10538227100005315;;0.2158575009998458;;;;;;;;;;;;0.2070814539983985;0.1711962549998134;0.09828969499903906;0.08086078300038935;0.03950922600051854;;0.16938957300044422;;;;;;;;;;
34;035_2e497561.jpg;imagens/Celebrity Faces Dataset/Angelina Jolie/035_2e497561.jpg;;0.2486826700005622;0.2543846950011357;0.1604607160006708;0.15049076000104833;0.10166920600022422;;0.2204874960007146;;;0.2082257580004807;0.22239250599886873;0.10358071100017696;0.15890193400082353;0.06214688100044441;;0.1560330709999107;;;;;;;;;;;;2.9626937529992574;1.2211484309991647;1.0497718320002605;1.165369622000071;1.091670236999562;;1.3440027769993321;;;0.5925008880003588;0.39933116599968344;0.23359352899933583;0.2241978919992107;0.13296441400052572;;0.3556975949995831;;;;;;;;;;;;0.18909293800061278;0.179214777001107;0.0919161020010506;0.08587596500001382;0.0556376230015303;;0.18197508199955337;;;;;;;;;;
35;036_3e807a88.jpg;imagens/Celebrity Faces Dataset/Angelina Jolie/036_3e807a88.jpg;;0.3938747840002179;0.38981637399956526;0.21472681900013413;0.196971362000113;0.09494399700088252;;0.3033656389998214;;;0.18586653300008038;0.19302895999862812;0.13592904500001168;0.12347050900098111;0.056789229000060004;;0.17187532699972508;;;;;;;;;;;;1.0787708339994424;1.0355928079989098;0.9464161159994546;1.0438438199998927;1.0486545109997678;;1.2013406540008873;;;0.25234077499953855;0.26580472299974645;0.18381500500072434;0.18079525499888405;0.1271780730003229;;0.22941113900014898;;;;;;;;;;;;0.18244175399922824;0.18861434099926555;0.09608599100101856;0.08353653700032737;0.05108458399990923;;0.16887950599993928;;;;;;;;;;
36;037_62d00a09.jpg;imagens/Celebrity Faces Dataset/Angelina Jolie/037_62d00a09.jpg;;0.2590884670007654;0.23829530299917678;0.16402017200016417;0.14423657600127626;0.09809299200060195;;0.2035653610000736;;;0.20260542500000156;0.18955148100030783;0.11011123499883979;0.1064275879998604;0.06084695200115675;;0.15994283300096868;;;;;;;;;;;;1.1432341479994648;1.032049913001174;1.0103323319999618;1.0635112960007973;1.0530583229992772;;1.158997920998445;;;0.23368134900010773;0.3966983190002793;0.15631738400043105;0.1607970409986592;0.10717853799906152;;0.2071525239989569;;;;;;;;;;;;0.16975295900010678;0.20299242600049183;0.09071254999980738;0.08381721800105879;0.05276549900008831;;0.15407333099938114;;;;;;;;;;
37;038_e40d5b16.jpg;imagens/Celebrity Faces Dataset/Angelina Jolie/038_e40d5b16.jpg;;0.22119134700005816;0.23525190700092935;0.14373176700064505;0.12204469399875961;0.073602230000688;;0.179249840999546;;;0.1818969330015534;0.19224693900105194;0.10695691199907742;0.1110845999992307;0.06024952200095868;;0.17813765699975193;;;;;;;;;;;;1.017704916999719;1.0151923070006887;0.9776791149997734;1.0622079409986327;1.0389439820010011;;1.1608072220005852;;;0.2302866570007609;0.25510822599972016;0.1578063189990644;0.20325261099969794;0.10736051500134636;;0.2099398789996485;;;;;;;;;;;;0.18251302799944824;0.16841055099939695;0.10845223900105339;0.0978959419990133;0.05070974900081637;;0.1551239300006273;;;;;;;;;;
38;039_6b10ab98.jpg;imagens/Celebrity Faces Dataset/Angelina Jolie/039_6b10ab98.jpg;;0.22285989400006656;0.21601145900058327;0.14872370999910345;0.1266465770004288;0.07760440499987453;;0.18199620399900596;;;0.22726100299951213;0.1985493519987358;0.10672053300004336;0.10133772399967711;0.060807256000771304;;0.1629657520006731;;;;;;;;;;;;3.2856986679998954;0.9708925239992823;1.0010102699998242;1.1328273610015458;1.0633785850004642;;1.1266412259992649;;;2.1370179020013893;0.24871892299961473;0.17716586599999573;0.1656764210001711;0.11031173300034425;;0.2150381120009115;;;;;;;;;;;;0.1661848990006547;0.1670971700004884;0.10965554200083716;0.08834670600117533;0.04341070100053912;;0.16546969099908893;;;;;;;;;;
39;040_2ef814c7.jpg;imagens/Celebrity Faces Dataset/Angelina Jolie/040_2ef814c7.jpg;;0.18474137900011556;0.19225470699893776;0.10629572499965434;0.08142506200056232;0.03729714800101647;;0.13487482699929387;;;0.20783961300003284;0.17361550600071496;0.10131412999908207;0.08425433699994755;0.04354893100025947;;0.1449563139995007;;;;;;;;;;;;2.108466875999511;0.7128158150007948;0.6219786729998305;0.7098769109998102;0.6405274980006652;;0.8128410450008232;;;2.472058188999654;0.2274741860001086;0.151452509999217;0.1536250850003853;0.10422479800035944;;0.2044483340014267;;;;;;;;;;;;0.1887455329997465;0.14835514200058242;0.0744616779993521;0.07375838400002976;0.024144783999872743;;0.15222889100004977;;;;;;;;;;
40;041_abf5c9cb.jpg;imagens/Celebrity Faces Dataset/Angelina Jolie/041_abf5c9cb.jpg;;0.21395738600040204;0.21490772800098057;0.14642429500054277;0.12216618400088919;0.07571150900002976;;0.17661788899931707;;;0.20681970000077854;0.19535724600063986;0.10664657399865973;0.0995504210004583;0.055534326000270084;;0.18279285000062373;;;;;;;;;;;;2.7147796930003096;1.025822490999417;0.9526608240012138;1.000618589001533;0.993042661999425;;1.1851421560004383;;;1.5941703829994367;0.25250917799894523;0.16821837600036815;0.16309538499990595;0.11990836400036642;;0.2303280830001313;;;;;;;;;;;;0.19605829100146366;0.1644408240008488;0.10452840300058597;0.08332551499916008;0.03906502300014836;;0.14571321500079648;;;;;;;;;;
41;042_2ccd070f.jpg;imagens/Celebrity Faces Dataset/Angelina Jolie/042_2ccd070f.jpg;;0.27533187399967574;0.2563089629984461;0.18854608400033612;0.16639921800015145;0.11316595200150914;;0.21945091499947011;;;0.1960733080013597;0.21452795400000468;0.12502579699867056;0.12135752300127933;0.07311545799893793;;0.1861765949997789;;;;;;;;;;;;2.244684747000065;1.0313413420008146;0.9942836639984307;1.1198958109998784;1.086374906999481;;1.194323532999988;;;0.9242656110000098;0.26407138200011104;0.17603570200117247;0.18049253100070928;0.12856111399923975;;0.3895177900012641;;;;;;;;;;;;0.18941555799938214;0.1683636479992856;0.10104659200078459;0.09161058900099306;0.056138931000532466;;0.15376569099862536;;;;;;;;;;
42;043_b812749f.jpg;imagens/Celebrity Faces Dataset/Angelina Jolie/043_b812749f.jpg;;0.4249121020002349;0.41309706500032917;0.28451863499867613;0.22540960900005302;0.12454629800049588;;0.3585845600009634;;;0.1919453649989009;0.22866884999893955;0.11777520999930857;0.13500536299943633;0.05758715900083189;;0.17460964400015655;;;;;;;;;;;;2.2917426099993463;1.03827983300107;0.9716689349988883;1.0509901839996019;0.9922507629999018;;1.1789005280006677;;;0.8498012519994518;0.2574788380006794;0.16457388500020897;0.1690383839995775;0.11528193699996336;;0.2550647219995881;;;;;;;;;;;;0.17435255000054894;0.15989388799971493;0.10379691699927207;0.08523888799936685;0.04324256900144974;;0.16328947700094432;;;;;;;;;;
43;044_512dfd33.jpg;imagens/Celebrity Faces Dataset/Angelina Jolie/044_512dfd33.jpg;;0.23161207999874023;0.2343406429990864;0.14932935999968322;0.1326260709993221;0.10160834499947669;;0.24374664300012228;;;0.20395936699969752;0.20704828799898678;0.12006750899854524;0.11019943300016166;0.0598385369994503;;0.1743183760008833;;;;;;;;;;;;2.83676694299902;0.9478194280000025;0.9381630509997194;1.0464262109999254;0.9781352869995317;;1.2080703649990028;;;2.4115058219995262;0.26987813300002017;0.17491635900114488;0.17346824999913224;0.12434331199983717;;0.24028398399968864;;;;;;;;;;;;0.18443117599963443;0.17596343200057163;0.09394487899953674;0.09109451699987403;0.045976471999892965;;0.16629592800018145;;;;;;;;;;
44;045_c560251e.jpg;imagens/Celebrity Faces Dataset/Angelina Jolie/045_c560251e.jpg;;0.2209661920005601;0.20327367699974275;0.13082808099898102;0.11754724100137537;0.06022037599905161;;0.17346915599955537;;;0.192465063999407;0.1982019280003442;0.11509090700019442;0.11653893399852677;0.058517458999631344;;0.18665091500042763;;;;;;;;;;;;0.8849766399998771;0.9840766680008528;0.9470333270000992;0.9869916860006924;1.0082510920001369;;1.179403526999522;;;0.2609949389989197;0.24215741499938304;0.19121956500021042;0.15531462599938095;0.10702713499995298;;0.21050041199850966;;;;;;;;;;;;0.19134442599897739;0.17404827199970896;0.09412637500099663;0.08263891500064346;0.04306778200043482;;0.15395242900012818;;;;;;;;;;
45;046_d93a2c2d.jpg;imagens/Celebrity Faces Dataset/Angelina Jolie/046_d93a2c2d.jpg;;0.23751384200113534;0.2227431390001584;0.15500432000044384;0.14244648100066115;0.0930148770003143;;0.19489323400011926;;;0.23619725600110542;0.21133086500049103;0.13333899200006272;0.1331777300001704;0.07108416400114947;;0.1752676940013771;;;;;;;;;;;;0.8828268460001709;0.9938142329992843;0.9873632060007367;1.0873485440006334;1.0176584009986982;;1.1385532499989495;;;0.2747250450011052;0.24738617500042892;0.18012820399962948;0.17037316800087865;0.12611572400055593;;0.2295214030000352;;;;;;;;;;;;0.19628666599965072;0.16024503799962986;0.09618949200012139;0.08672273500087613;0.047550522000165074;;0.16464982700017572;;;;;;;;;;
46;047_5350c8c0.jpg;imagens/Celebrity Faces Dataset/Angelina Jolie/047_5350c8c0.jpg;;0.23621504499897128;0.23520226799882948;0.14898801999879652;0.14427851300024486;0.08594794099917635;;0.20812568600013037;;;0.22020797400000447;0.1935441700006777;0.16359089799880167;0.12603742600003898;0.06856374299968593;;0.16353443799926026;;;;;;;;;;;;2.748751225999513;0.9871910840010969;0.9498560840002028;1.0099351790013316;1.0658634549999988;;1.1267354880001221;;;2.165562742000475;0.2515238380001392;0.16125701800046954;0.1541095350003161;0.1107891119991109;;0.21071522000056575;;;;;;;;;;;;0.21186720399964543;0.18453097800011165;0.10102884600019024;0.08011024700135749;0.05650569899989932;;0.13927004700053658;;;;;;;;;;
47;048_0a32a483.jpg;imagens/Celebrity Faces Dataset/Angelina Jolie/048_0a32a483.jpg;;0.25368846300079895;0.23021375399912358;0.15261797400125943;0.14144514200052072;0.08972306200121238;;0.19725939800082415;;;0.19817790900015098;0.20812898100120947;0.1309714740000345;0.10301712100044824;0.05967715800034057;;0.1680917909998243;;;;;;;;;;;;0.8822111389999918;1.0281748460001836;1.041776595000556;1.0547626980005589;1.0134832120002102;;1.212186359000043;;;0.2626550959994347;0.2486709789991437;0.2030790459994023;0.17995046600117348;0.127246138999908;;0.2298317210006644;;;;;;;;;;;;0.1919935389996681;0.16248971599998185;0.09962134300076286;0.08343130699904577;0.044152935999591136;;0.15114256699962425;;;;;;;;;;
48;049_4d6df392.jpg;imagens/Celebrity Faces Dataset/Angelina Jolie/049_4d6df392.jpg;;0.23963241599994944;0.21454063700002735;0.13703326699942409;0.12551825099944836;0.07890499200038903;;0.1991950089995953;;;0.18930689899934805;0.20452631000080146;0.10639183700004651;0.08938290500009316;0.05479070199908165;;0.1487223090007319;;;;;;;;;;;;1.4776120460010134;0.9922145499986073;0.9511799439987954;1.0390680410000641;0.9796299240006192;;1.1164892720007629;;;0.24090148000141198;0.2418362509997678;0.16226691200063215;0.1545839500013244;0.10919725199892127;;0.2179271000004519;;;;;;;;;;;;0.2030054509996262;0.17441244899964659;0.10384563800107571;0.0904003499999817;0.04288886799986358;;0.1655048339998757;;;;;;;;;;
49;050_7c5b026c.jpg;imagens/Celebrity Faces Dataset/Angelina Jolie/050_7c5b026c.jpg;;0.26981877999969583;0.2451668339999742;0.16731285900095827;0.15628115000072285;0.11662062399955175;;0.21531295999920985;;;0.2077714080005535;0.19833722700059297;0.13591390500005218;0.11438410600021598;0.07417988199995307;;0.18736061200070253;;;;;;;;;;;;0.9890794780003489;1.06137305700031;1.0364163640006154;1.1129553459995805;1.091841863000809;;1.1608050529994216;;;0.26623048200053745;0.24871905899999547;0.17808262800099328;0.17611499300073774;0.12495618699904298;;0.25958017999982985;;;;;;;;;;;;0.1727950749991578;0.18469182099943282;0.09666817700053798;0.09460911300084263;0.05127044099936029;;0.14659394799855363;;;;;;;;;;
50;051_268fdfd7.jpg;imagens/Celebrity Faces Dataset/Angelina Jolie/051_268fdfd7.jpg;;0.2501757179998094;0.27349744899947837;0.16339149000123143;0.16032516199993552;0.11148167999999714;;0.2159677380004723;;;0.21894243899987487;0.22243743299986818;0.13967129600132466;0.15469380899958196;0.08016767399931268;;0.1842465479985549;;;;;;;;;;;;3.1343526680011564;1.0765221170004224;0.9631868249998661;1.0287930079994112;1.0391648759996315;;1.1732493239996984;;;2.5160918580004363;0.2555347650013573;0.16701154799920914;0.17916320099902805;0.11799931000132347;;0.24506934999953955;;;;;;;;;;;;0.1660745400004089;0.18095949700000347;0.13135426700137032;0.08420482600013202;0.04445753199979663;;0.17148711399931926;;;;;;;;;;
51;052_6db5f5bf.jpg;imagens/Celebrity Faces Dataset/Angelina Jolie/052_6db5f5bf.jpg;;0.2645532690003165;0.23902156800068042;0.15347668799950043;0.15143969699965965;0.09223048599960748;;0.22086198599936324;;;0.17707891999998537;0.21721691899983853;0.10904583600131446;0.10859970999990765;0.05557864900038112;;0.15873428899976716;;;;;;;;;;;;1.9318199259996618;1.0144006480004464;1.0181958350003697;1.0319758250006998;1.0492833699991024;;1.1946511839996674;;;0.47555950799869606;0.2710762070000783;0.18162244700033625;0.18456326200066542;0.12570757199864602;;0.23501124100039306;;;;;;;;;;;;0.16155165499912982;0.19555451000087487;0.11135871800070163;0.07818170100108546;0.054526041998542496;;0.1676161349987524;;;;;;;;;;
52;053_05c78fa1.jpg;imagens/Celebrity Faces Dataset/Angelina Jolie/053_05c78fa1.jpg;;0.2431498339992686;0.23780433899992204;0.14961599100024614;0.14052448399888817;0.09374920399932307;;0.2078792579995934;;;0.22722855500069272;0.21163157999944815;0.11153052299960109;0.10139544199955708;0.06973816100071417;;0.1743810259995371;;;;;;;;;;;;1.3542424839997693;1.0626698120013316;0.9389091760003794;0.978566170000704;1.0241927370007033;;1.117087246000665;;;0.24488035399917862;0.25600699599999643;0.169097886999225;0.15844020199983788;0.10792006999872683;;0.2318662809993839;;;;;;;;;;;;0.1794718430010107;0.20346399099980772;0.09812550000060583;0.09356317499987199;0.04706382800031861;;0.173018621000665;;;;;;;;;;
53;054_7ba62f81.jpg;imagens/Celebrity Faces Dataset/Angelina Jolie/054_7ba62f81.jpg;;0.24909838199891965;0.24705416800134117;0.163140091999594;0.14578432300004351;0.10311886300041806;;0.21843159299896797;;;0.21684339999956137;0.2205096699999558;0.11377023599925451;0.13541205000001355;0.071049991000109;;0.1656358279997221;;;;;;;;;;;;1.1934186189992033;0.9858592439995846;0.9717994219990942;1.0209834189990943;1.0555246589992748;;1.128206469998986;;;0.24519098899872915;0.23144594600125856;0.16771232999963104;0.5672593680010323;0.11007855999923777;;0.21632457399937266;;;;;;;;;;;;0.167284451001251;0.22347007099961047;0.08996281199870282;0.08617940200019802;0.03482454100048926;;0.18615691400009382;;;;;;;;;;
54;055_aaaf063c.jpg;imagens/Celebrity Faces Dataset/Angelina Jolie/055_aaaf063c.jpg;;0.2034889030001068;0.16469050999876345;0.08658065300005546;0.08119786299903353;0.043329510001058225;;0.14703910299976997;;;0.18149366100078623;0.2109427429986681;0.09190928300085943;0.11294294199979049;0.04199859800064587;;0.16173045600044134;;;;;;;;;;;;1.5184670630005712;0.7454623939993326;0.6582265139986703;0.6551826300001267;0.6315299600009894;;0.8045838359994377;;;1.7345787019985437;0.252850696000678;0.20311518600101408;0.2065151060014614;0.12387277400011953;;0.23852121800155146;;;;;;;;;;;;0.15639914300118107;0.17181310900014068;0.0822829009994166;0.07425919300112582;0.028658244000325794;;0.1335689490006189;;;;;;;;;;
55;056_97412d14.jpg;imagens/Celebrity Faces Dataset/Angelina Jolie/056_97412d14.jpg;;0.2368200210003124;0.22075909500017588;0.13349539999944682;0.12524166099865397;0.08246713300104602;;0.1890581719999318;;;0.1981308779995743;0.19880286300031003;0.10632374899978458;0.10446512099952088;0.05271812400133058;;0.14920559100028186;;;;;;;;;;;;0.9295391929990728;1.0237823549996392;1.0510856780001632;1.063408456999241;1.087418565999542;;1.167267119999451;;;0.26764077600091696;0.2585100369997235;0.26589448799859383;0.20529557400004705;0.12405584699990868;;0.24061005899966403;;;;;;;;;;;;0.2730330630001845;0.19494173800012504;0.09162667199962016;0.08101034199899004;0.04343714300011925;;0.1487535679989378;;;;;;;;;;
56;057_7f34f0f4.jpg;imagens/Celebrity Faces Dataset/Angelina Jolie/057_7f34f0f4.jpg;;0.22622474200034048;0.22371025800021016;0.15648773500106472;0.13230390100034128;0.07565330100078427;;0.18369795199942018;;;0.18999615699976857;0.2143861040003685;0.10354349600129353;0.10055354100040859;0.07631678000143438;;0.18051896299948567;;;;;;;;;;;;0.8858466140009114;1.030247362999944;1.0557848869993904;1.0373504599992884;0.9374117719999049;;1.1862754059984582;;;0.2667516089986748;0.2691035949992511;0.1947340670012636;0.24268961499910802;0.1260919449996436;;0.23937022800055274;;;;;;;;;;;;0.2564284519994544;0.19561037399944325;0.1038529239995114;0.09106719000010344;0.048856472998522804;;0.17203267700097058;;;;;;;;;;
57;058_02860eff.jpg;imagens/Celebrity Faces Dataset/Angelina Jolie/058_02860eff.jpg;;0.27010630600125296;0.2503257400003349;0.18806016000053205;0.16556576999937533;0.12121842400119931;;0.2236224949992902;;;0.20953951199953735;0.2270899039995129;0.1230852259996027;0.1210458830009884;0.09387060700100847;;0.19444669200129283;;;;;;;;;;;;0.9842465359997732;1.057311810000101;1.011337342000843;1.0710224340000423;1.0842824089995702;;1.1371760080000968;;;0.2555878719995235;0.24918180300119275;0.19062300000041432;0.1922249630006263;0.12779311800113646;;0.23858644400024787;;;;;;;;;;;;0.22546094599965727;0.336856900001294;0.09882069899867929;0.0873615439995774;0.028392281999913394;;0.1647428750002291;;;;;;;;;;
58;059_df425619.jpg;imagens/Celebrity Faces Dataset/Angelina Jolie/059_df425619.jpg;;0.26027904100010346;0.2217158620005648;0.16183850999914284;0.14451738900061173;0.08680500199989183;;0.19989515599991137;;;0.22706407199984824;0.19911428099840123;0.13265890600087005;0.11115617299947189;0.0773765869998897;;0.17339611799980048;;;;;;;;;;;;1.4292288959986763;1.0373970270011341;0.9954213380005967;0.9828393369989499;0.9716461869993509;;1.1530802930010395;;;0.2395837060012127;0.23219216199868242;0.17914003700025205;0.15864294700077153;0.10827870100001746;;0.23234019600022293;;;;;;;;;;;;0.17211564700119197;0.1958118620004825;0.0971941230000084;0.08981427300022915;0.03928499200083024;;0.15338150800016592;;;;;;;;;;
59;060_4037f0f7.jpg;imagens/Celebrity Faces Dataset/Angelina Jolie/060_4037f0f7.jpg;;0.23241119799968146;0.204837282999506;0.13864168300096935;0.11958841399973608;0.06219389400030195;;0.17323576399940066;;;0.1980619360001583;0.21564590200068778;0.10456374900059018;0.10933955300060916;0.04722970399961923;;0.1647482160005893;;;;;;;;;;;;1.7371815579990653;1.0263500290002412;0.962756819999413;1.003903779999746;0.9787146519993257;;1.1024210790001234;;;0.5011291089995211;0.24057690399968124;0.16651456799991138;0.18758205300036934;0.11256967000008444;;0.23565979799968773;;;;;;;;;;;;0.18437640099909913;0.1971898110004986;0.0982597429992893;0.08608300499872712;0.040574090999143664;;0.13654938699983177;;;;;;;;;;
60;061_e18ba2b0.jpg;imagens/Celebrity Faces Dataset/Angelina Jolie/061_e18ba2b0.jpg;;;;;;;;;;;0.21835482399910688;0.2004027099992527;0.10377858500032744;0.1221411820006324;0.05723890400076925;;0.1788379369991162;;;;;;;;;;;;1.3888386059988989;1.0123794430000999;1.0529766469990136;1.029701829998885;1.0366130219990737;;1.204994321000413;;;0.27008544499949494;0.2577106589997129;0.174844993998704;0.17045775100086757;0.1289947690002009;;0.24840188999951351;;;;;;;;;;;;0.18763401300020632;0.1912426199996844;0.09475098499933665;0.08113712900012615;0.04016759899968747;;0.1532571409989032;;;;;;;;;;
61;062_6aa9cf8f.jpg;imagens/Celebrity Faces Dataset/Angelina Jolie/062_6aa9cf8f.jpg;;0.2827458209994802;0.25377156300055503;0.19076785399920482;0.15338538399919344;0.10831533899909118;;0.22984121199988294;;;0.22271458199975314;0.2295285279997188;0.11266165800043382;0.1241375399986282;0.06239229200036789;;0.1902938040002482;;;;;;;;;;;;0.9113692230002925;1.132162005000282;1.024267205999422;1.0845434559996647;1.0915286279996508;;1.1945174080010474;;;0.5082613869999477;0.2761200419990928;0.1762104610006645;0.1708020550013316;0.12601809700026934;;0.24127153100016585;;;;;;;;;;;;0.20096091400046134;0.18485063499974785;0.10700329500104999;0.09322314800010645;0.04522528699999384;;0.17272895499991137;;;;;;;;;;
62;063_c486d5ef.jpg;imagens/Celebrity Faces Dataset/Angelina Jolie/063_c486d5ef.jpg;;0.25824279399967054;0.23947427100029017;0.1773492360007367;0.14948598699993454;0.09649620399977721;;0.20793298299940943;;;0.22148195000045234;0.2130384949996369;0.1445376519986894;0.13244803799898364;0.07226521799930197;;0.18837736299974495;;;;;;;;;;;;0.9252695430004678;1.0429747749985836;1.0256354470002407;1.0317001639996306;1.0096668599999248;;1.2270228939996741;;;0.2766304010001477;0.25976164900021104;0.17479388799984008;0.1691982510001253;0.12803582400010782;;0.22620221699980902;;;;;;;;;;;;0.16897838399927423;0.18151432599916006;0.09564151299855439;0.09762475400020776;0.04267320300095889;;0.17249504100072954;;;;;;;;;;
63;064_0de68937.jpg;imagens/Celebrity Faces Dataset/Angelina Jolie/064_0de68937.jpg;;0.25278839099883044;0.21346820599865168;0.1432032029988477;0.12431571200067992;0.08304642599978251;;0.22852180999871052;;;0.22341188800055534;0.22717088800163765;0.138804298998366;0.10495165700012876;0.0649519180005882;;0.1746637109990843;;;;;;;;;;;;0.9401242069998261;1.0423404510002001;0.9612450309996348;0.9880287480009429;1.0312456299998303;;1.1802547280003637;;;0.26303468299920496;0.23867827200047032;0.15837945499879424;0.15275947699956305;0.1057269599987194;;0.21358971100016788;;;;;;;;;;;;0.2074840140012384;0.17968522000046505;0.08653925199905643;0.09461985099915182;0.04552069099918299;;0.14585373100089782;;;;;;;;;;
64;065_689150aa.jpg;imagens/Celebrity Faces Dataset/Angelina Jolie/065_689150aa.jpg;;0.2630136549996678;0.24909757199930027;0.1825891150001553;0.16654134099917428;0.12308985399977246;;0.23649008400025195;;;0.2118598139986716;0.24246989099992788;0.12684689100024116;0.11673739599973487;0.07033451600000262;;0.18759284800034948;;;;;;;;;;;;0.9647591640004975;1.047141716000624;1.025268422001318;1.1160510739991878;1.025578303999282;;1.2084145009994245;;;0.26886876599928655;0.25870757499978936;0.17778182499932882;0.17015072499998496;0.21048986400091962;;0.24141309400147293;;;;;;;;;;;;0.1811123299994506;0.16877920200022345;0.09885102699990966;0.09478408100039815;0.04594374400039669;;0.24292814000000362;;;;;;;;;;
65;066_b378479b.jpg;imagens/Celebrity Faces Dataset/Angelina Jolie/066_b378479b.jpg;;0.2547833589997026;0.23599603600086994;0.17400630399970396;0.15068696200069098;0.10139270699983172;;0.20622199200079194;;;0.21622692799974175;0.2149584920007328;0.12428756400004204;0.11785889299972041;0.08023854200109781;;0.17303872799857345;;;;;;;;;;;;1.049282232999758;1.0427193669984263;0.9807609859999502;1.1049925290008105;1.0385043259993836;;1.1857965090002835;;;0.25984937899920624;0.2526726399992185;0.17642381499899784;0.17128637300083938;0.12613316799979657;;0.23404048700103885;;;;;;;;;;;;0.17717555499984883;0.18302179999955115;0.09334449899870378;0.08954912899935152;0.041363140000612475;;0.23917267800061381;;;;;;;;;;
66;067_ff52c2fe.jpg;imagens/Celebrity Faces Dataset/Angelina Jolie/067_ff52c2fe.jpg;;0.21792976199867553;0.20329149400095048;0.13339742999960436;0.12239066700021795;0.07072382399928756;;0.17704600600154663;;;0.20843902799970238;0.20072262400026375;0.10859139199965284;0.1005384279997088;0.06288248700002441;;0.1848449149983935;;;;;;;;;;;;1.3545448419990862;0.99291704999996;0.9511152420000144;1.0051539010000852;1.040430536999338;;1.1280939279986342;;;0.9159114320009394;0.2626446560007025;0.19713543499892694;0.1666269020006439;0.12845708500026376;;0.2395971969999664;;;;;;;;;;;;0.1767470430004323;0.1713664119997702;0.0987000880013511;0.0800934180006152;0.044842186998721445;;0.1701543599992874;;;;;;;;;;
67;068_2fb110d1.jpg;imagens/Celebrity Faces Dataset/Angelina Jolie/068_2fb110d1.jpg;;0.23898110599839129;0.24679982099951303;0.18523630900017451;0.15987512600077025;0.11363217899997835;;0.21972934100085695;;;0.23240838200035796;0.2339422029999696;0.1609783210005844;0.12163766999947256;0.07694188200002827;;0.22200700499888626;;;;;;;;;;;;0.9073261869998532;1.019953295999585;0.9643046119999781;1.0416685420004796;1.0538626339985058;;1.1892496860000392;;;0.24889348199940287;0.24432746000093175;0.16763161299968488;0.15142650500092714;0.10991640999964147;;0.22825216900127998;;;;;;;;;;;;0.16665697499956877;0.16873419500007003;0.11464714700014156;0.08349605399962456;0.049631956999292015;;0.15905227400071453;;;;;;;;;;
68;069_9d0e44d5.jpg;imagens/Celebrity Faces Dataset/Angelina Jolie/069_9d0e44d5.jpg;;0.20287980499961122;0.20016001200019673;0.1353698759994586;0.11910143200111634;0.06956666699989;;0.173563293999905;;;0.21475581399863586;0.18094177300008596;0.11636601300051552;0.12107654899955378;0.06323006200000236;;0.16411909800081048;;;;;;;;;;;;0.8935094740008935;1.01392560199929;1.0160099240001728;1.1185931370000617;0.9615762979992724;;1.1638681799995538;;;0.2670842560000892;0.30096191099983116;0.18648649399983697;0.17557414200018684;0.12610082799983502;;0.2276234889995976;;;;;;;;;;;;0.2663370139998733;0.1730457719986589;0.10478085499926237;0.0821907449990249;0.032870099999854574;;0.1456014289997256;;;;;;;;;;
69;070_1a4312d2.jpg;imagens/Celebrity Faces Dataset/Angelina Jolie/070_1a4312d2.jpg;;0.23155969500112406;0.2534756949989969;0.1564625109986082;0.13931033399967419;0.08920239300096;;0.19640706999962276;;;0.2152939889983827;0.19678786599979503;0.1256118740002421;0.12486248000095657;0.05772999200053164;;0.18336668799929612;;;;;;;;;;;;2.000328690999595;1.0464894979995734;1.079424799001572;1.0406575580000208;1.0396444849993713;;1.199708438000016;;;0.898426580000887;0.24377258899949084;0.17571196999961103;0.15610759000082908;0.1106580319992645;;0.23885782300021674;;;;;;;;;;;;0.16326255000058154;0.17885147199922358;0.10287408700060041;0.10126234900053532;0.040756761000011466;;0.13713280299998587;;;;;;;;;;
70;071_b537dbca.jpg;imagens/Celebrity Faces Dataset/Angelina Jolie/071_b537dbca.jpg;;0.18304318899936334;0.16470352900068974;0.10158263899938902;0.07980223500089778;0.044008054999721935;;0.13899929800027166;;;0.1810391510007321;0.20137100700048904;0.11081723000097554;0.0990366960013489;0.050505610000982415;;0.16338583699871378;;;;;;;;;;;;1.5906503730002441;0.6755262320002657;0.6546000260004803;0.743040307001138;0.6352411089992529;;0.7964642440001626;;;0.2814048440013721;0.25824649300011515;0.1709845570003381;0.16389416300080484;0.11927022599957127;;0.23398763300065184;;;;;;;;;;;;0.1550609580008313;0.15611589400032244;0.08231049300047744;0.06819216599978972;0.034677437999562244;;0.12302359299974341;;;;;;;;;;
71;072_8d068904.jpg;imagens/Celebrity Faces Dataset/Angelina Jolie/072_8d068904.jpg;;0.2643623740004841;0.2657046789991;0.20005437700092443;0.15379978900091373;0.11268360000030953;;0.2250035899996874;;;0.20487931400020898;0.22076542799914023;0.13983529500001168;0.12068218899912608;0.0791431730012846;;0.18149959099901025;;;;;;;;;;;;0.9464760339997156;1.0702948859998287;1.0367986090004706;1.1051168350004446;1.0310804310011008;;1.2812750740013144;;;0.2755470889987919;0.258171516999937;0.18552116799946816;0.17900290100078564;0.12734969700068177;;0.2359112920003099;;;;;;;;;;;;0.1656822260010813;0.1677415869999095;0.09772851299931062;0.08299077199990279;0.0416608229988924;;0.1684737320010754;;;;;;;;;;
72;073_9f1d377a.jpg;imagens/Celebrity Faces Dataset/Angelina Jolie/073_9f1d377a.jpg;;0.26495021099981386;0.25529803999961587;0.18528874199910206;0.1625207640008739;0.10836499899960472;;0.23163393100003304;;;0.22235445399928722;0.2200381560014648;0.149076531000901;0.16775298200082034;0.0852482689988392;;0.18716955700074323;;;;;;;;;;;;0.9542450170010852;1.0018069310008286;1.0171441940001387;1.0850622380003188;1.0386175210005604;;1.2395339859995147;;;0.27187139200032107;0.2571961180001381;0.17508596700099588;0.17333543300082965;0.12614215400026296;;0.23558907300139253;;;;;;;;;;;;0.16747129699979268;0.16990941899894096;0.08996685500096646;0.08256529400023283;0.05676347599910514;;0.1748500520006928;;;;;;;;;;
73;074_0ec79719.jpg;imagens/Celebrity Faces Dataset/Angelina Jolie/074_0ec79719.jpg;;0.2219358820002526;0.21440326599986292;0.1482729859999381;0.1277318100001139;0.0820644010000251;;0.20028645799902733;;;0.19098544999906153;0.20839600500039523;0.10952502299915068;0.11450053900080093;0.06745241899989196;;0.17803073600043717;;;;;;;;;;;;0.8845514790009474;1.039473894999901;0.9754754440000397;1.097467780999068;0.9813563619991328;;1.0791039910000109;;;0.2300526719991467;0.24602628600041498;0.16255580100005318;0.1532078830005048;0.11839533600141294;;0.22101515700160235;;;;;;;;;;;;0.16329013100039447;0.16421618000094895;0.09766528200088942;0.08981731600033527;0.04106134799985739;;0.20373655700132076;;;;;;;;;;
74;075_4c504eec.jpg;imagens/Celebrity Faces Dataset/Angelina Jolie/075_4c504eec.jpg;;;;;;;;;;;0.18477423200056364;0.19578176600043662;0.12521570900025836;0.10870507300023746;0.05646346600042307;;0.17504625099900295;;;;;;;;;;;;3.0036056579992874;0.9710075319999305;1.0007349679999606;1.0430276780007262;1.019433374000073;;1.170643557999938;;;1.5574209579990566;0.2548715809989517;0.15666516499913996;0.15164171300057205;0.11467317300048308;;0.2210466530013946;;;;;;;;;;;;;;;;;;;;;;;;;;;;
75;076_1d914d5b.jpg;imagens/Celebrity Faces Dataset/Angelina Jolie/076_1d914d5b.jpg;;0.4210627899992687;0.4195888459998969;0.2944611789989722;0.25245587099925615;0.12920842099993024;;0.3768496470001992;;;0.367528011000104;0.34991571299906354;0.1940349829983461;0.1683563789993059;0.08112640200124588;;0.3064436709992151;;;;;;;;;;;;1.8616917449999164;1.5463094100014132;1.3290279320008267;1.3336731790004706;1.1329494399997202;;1.6814312130009057;;;0.7120607230008318;0.7013015829998039;0.382422377999319;0.3292697680008132;0.14643573899957119;;0.662841256998945;;;;;;;;;;;;0.2094009480006207;0.18356744199991226;0.10928916000011668;0.1007993160001206;0.056811272999766516;;0.16768384900024103;;;;;;;;;;
76;077_27650aa3.jpg;imagens/Celebrity Faces Dataset/Angelina Jolie/077_27650aa3.jpg;;0.4107695290003903;0.3956409589991381;0.2308058560010977;0.22393010899941146;0.12426328699984879;;0.33065431999966677;;;0.1988451389988768;0.21792708199973276;0.11383280399968498;0.10639553799956047;0.0560814330001449;;0.16143939200082968;;;;;;;;;;;;0.9913101389993244;1.0334146859986504;0.9655976249996456;1.0852197730000626;1.0311062230011885;;1.1500776049997512;;;0.408028750000085;0.39881956099998206;0.2450489339989872;0.2239159529999597;0.13443768700017245;;0.4040501760009647;;;;;;;;;;;;0.19849922100002004;0.17243289700127207;0.0901329620010074;0.07688459100063483;0.048603064999042545;;0.18199502099923848;;;;;;;;;;
77;078_044866e7.jpg;imagens/Celebrity Faces Dataset/Angelina Jolie/078_044866e7.jpg;;0.24274737999985518;0.24141246799990768;0.15858473499974934;0.14304871700005606;0.10721753600046213;;0.20959266599857074;;;0.2058066739991773;0.20499184900108958;0.12851412999953027;0.12489326700051606;0.08780302500053949;;0.18702284099890676;;;;;;;;;;;;0.939079177000167;1.0256910269999935;1.030396672000279;1.0798354359994846;1.0713505200001237;;1.2011396389989386;;;0.2547701820003567;0.2309064450000733;0.16672137599925918;0.15140259100007825;0.10867530699943018;;0.22896865500115382;;;;;;;;;;;;0.17954220399951737;0.18177511999965645;0.10608104200036905;0.08437199599939049;0.05929946699870925;;0.16530810199947155;;;;;;;;;;
78;079_40a598dc.jpg;imagens/Celebrity Faces Dataset/Angelina Jolie/079_40a598dc.jpg;;0.261052705000111;0.2592374509986257;0.16269104000093648;0.153758847998688;0.10206949900020845;;0.21741291500075022;;;0.21124959999906423;0.1899492789998476;0.13585570900067978;0.10479856699930679;0.06898565500159748;;0.1761579600006371;;;;;;;;;;;;0.9491377559988905;1.0503210179995222;1.0370664649999526;1.0517249410004297;1.1002907439997216;;1.1560119449986814;;;0.2656206829997245;0.25659023400112346;0.18789151199962362;0.16914297999937844;0.1284252989989909;;0.24136936300055822;;;;;;;;;;;;0.18475077699986286;0.18411453300177527;0.09185495200108562;0.08546726600070542;0.044927327000550576;;0.19778480700006185;;;;;;;;;;
79;080_e998ab00.jpg;imagens/Celebrity Faces Dataset/Angelina Jolie/080_e998ab00.jpg;;0.2083024089988612;0.2561809339986212;0.14509445300063817;0.1328633129996888;0.07962926399886783;;0.19316414800050552;;;0.1802606969995395;0.1748079519984458;0.11264063800081203;0.11553367600026831;0.054559898999286816;;0.1582526840011269;;;;;;;;;;;;1.0845149670003593;1.1161378030010383;1.0736070099992503;1.0763440139999148;0.9644762539992371;;1.2608366819986259;;;0.4087017250003555;0.3754874940004811;0.24303693200090493;0.21820602499974484;0.11480615199980093;;0.3331403140000475;;;;;;;;;;;;0.18768268900021212;0.17840700400120113;0.09917011900142825;0.08200794299955305;0.03842558599899348;;0.1942288530008227;;;;;;;;;;
80;081_12fb31ec.jpg;imagens/Celebrity Faces Dataset/Angelina Jolie/081_12fb31ec.jpg;;0.4166077050012973;0.3798838299990166;0.23825216499972157;0.22724284600008104;0.12247954300073616;;0.3319270049996703;;;0.2561278200009838;0.1785070280002401;0.12228262799908407;0.12141474700001709;0.06504180900083156;;0.1670476580002287;;;;;;;;;;;;1.7633013640006538;1.2302192040006048;1.0777499310006533;1.132524326998464;1.0661771949999093;;1.3361210149996623;;;0.40142749500046193;0.38829823499872873;0.22719168399999035;0.2169604350001464;0.12836173600044276;;0.3574423449990718;;;;;;;;;;;;0.19561908200012113;0.17492761699941184;0.11067613900013384;0.08934823300114658;0.042089737000424066;;0.17413586099974054;;;;;;;;;;
81;082_047778bb.jpg;imagens/Celebrity Faces Dataset/Angelina Jolie/082_047778bb.jpg;;0.24278764000155206;0.2478481609996379;0.15489444000013464;0.14944205200117722;0.1075006700011727;;0.21403155700136267;;;0.1811892909991002;0.20401227900038066;0.13870674700046948;0.13121685900114244;0.07472210699961579;;0.18066645599901676;;;;;;;;;;;;0.9959314289990289;1.0432398050015763;1.0444845319998421;1.0537831319998077;1.0244104109988257;;1.2420236019988806;;;0.24179564299993217;0.2449036399993929;0.1591874990008364;0.15189111099971342;0.16261458200096968;;0.22930874299891002;;;;;;;;;;;;0.18430900100065628;0.1960284649994719;0.10807445399950666;0.08623260199965443;0.0422358970008645;;0.1920859889996791;;;;;;;;;;
82;083_bdada1e2.jpg;imagens/Celebrity Faces Dataset/Angelina Jolie/083_bdada1e2.jpg;;0.2222054499998194;0.21415679100027774;0.14374001199939812;0.13270720900072774;0.0868572139988828;;0.20821098499982327;;;0.1824752600005013;0.20138061999932688;0.11548427100024128;0.11552309599937871;0.0618115460001718;;0.185453026999312;;;;;;;;;;;;0.9235000100015895;1.0113349200000812;1.0055771280003682;1.0216747839986056;1.0744314730000042;;1.1589038339989202;;;0.25351608600067266;0.25151612700028636;0.15685768199909944;0.15187665700068465;0.10495314200124994;;0.22295137900073314;;;;;;;;;;;;0.19797466800082475;0.16724861299917393;0.0956181719993765;0.08481782300077612;0.040904704999775277;;0.19112985600077081;;;;;;;;;;
83;084_da751ddd.jpg;imagens/Celebrity Faces Dataset/Angelina Jolie/084_da751ddd.jpg;;0.20862886200120556;0.20675767600005202;0.14691432299878215;0.12969865299965022;0.07922504000089248;;0.1896000280012231;;;0.2016129040002852;0.21865332999914244;0.12932815800013486;0.11366744999941147;0.05680530300014652;;0.15458129800026654;;;;;;;;;;;;1.6455320700006268;1.0528258019985515;1.0642034590000549;1.0323458519997075;1.0306922780000605;;1.144264780001322;;;0.5093849959994259;0.2674162889998115;0.17720300600012706;0.1618776639988937;0.1400912450008036;;0.2951110370013339;;;;;;;;;;;;0.19653929700143635;0.16066741499889758;0.08441830499941716;0.0792745790004119;0.04270874699977867;;0.16405864000080328;;;;;;;;;;
84;085_f579db33.jpg;imagens/Celebrity Faces Dataset/Angelina Jolie/085_f579db33.jpg;;0.42418908899890084;0.382700954000029;0.2522227079989534;0.22486099299931084;0.1312584479983343;;0.36672514299971226;;;0.180658207000306;0.22533770500012906;0.13463898400004837;0.11043695200169168;0.06874542599871347;;0.169604573999095;;;;;;;;;;;;0.9463338989990007;1.034158047999881;1.0756532319992402;1.068014389000382;1.0567110019983375;;1.1725183479993575;;;0.2795112280000467;0.2794836610009952;0.19321613899955992;0.16552063500057557;0.17417247599951224;;0.23126191099981952;;;;;;;;;;;;0.17805445399972086;0.16175357099928078;0.1005660490009177;0.08839916400029324;0.04537765200075228;;0.1449190200000885;;;;;;;;;;
85;086_f2c730f3.jpg;imagens/Celebrity Faces Dataset/Angelina Jolie/086_f2c730f3.jpg;;0.239827483001136;0.20335690700085252;0.12833915899864223;0.12062645900005009;0.08255763899978774;;0.18980640600057086;;;0.20202132099984738;0.2210036950000358;0.13725601899932371;0.11031598000045051;0.07102563199987344;;0.17743912599871692;;;;;;;;;;;;0.9299352449997969;1.0074814700001298;0.9753082890001679;1.0144104820010398;0.9524926400008553;;1.0529219929994724;;;0.25012656999933824;0.2408960520006076;0.1592193500000576;0.1456145470001502;0.12952808999943954;;0.21475250799994683;;;;;;;;;;;;0.1609160249990964;0.169808421000198;0.09074784000040381;0.08760507599981793;0.059545023999817204;;0.1400368159993377;;;;;;;;;;
86;087_f325890f.jpg;imagens/Celebrity Faces Dataset/Angelina Jolie/087_f325890f.jpg;;0.23746462799863366;0.23125772599996708;0.16643606199977512;0.14779838100002962;0.09515818399995624;;0.20814649400017515;;;0.21022634399923845;0.2020656209988374;0.14226582499941287;0.11543139499917743;0.0646338040005503;;0.1662699660009821;;;;;;;;;;;;0.9403405650009518;1.0644645169995783;1.1046420599996054;1.0433456129994738;1.0596722120008053;;1.1860757819995342;;;0.28108233399871096;0.25172420400122064;0.17945714800043788;0.16637375699974655;0.1291763400004129;;0.23208174899991718;;;;;;;;;;;;0.154084089999742;0.18863861899990297;0.09444054100094945;0.08988796199992066;0.039586367000083555;;0.14374777100056235;;;;;;;;;;
87;088_029ffc54.jpg;imagens/Celebrity Faces Dataset/Angelina Jolie/088_029ffc54.jpg;;0.22200582799996482;0.20737813399864535;0.136088995001046;0.12344272100017406;0.06848267600071267;;0.1783285870005784;;;0.19787802599967108;0.20244968400038488;0.10143365099975199;0.10768829600056051;0.06525390900060302;;0.15620082799978263;;;;;;;;;;;;3.284896860999652;1.0501135110007453;0.972610741000608;0.9916030730000784;0.9826187480011868;;1.1075743430010334;;;2.515072539999892;0.23225106700010656;0.1630514669996046;0.14571068300028855;0.10770407599920873;;0.22563898500084179;;;;;;;;;;;;0.1682170580006641;0.183922039999743;0.09415528199861001;0.09378419899985602;0.04648826099946746;;0.15541904699966835;;;;;;;;;;
88;089_33e36564.jpg;imagens/Celebrity Faces Dataset/Angelina Jolie/089_33e36564.jpg;;0.32893754500037176;0.25325480999890715;0.18715374499879545;0.17914328999904683;0.11459304200070619;;0.22252029000082985;;;0.206255412000246;0.2078432199996314;0.13103154200143763;0.12855905499964138;0.06928127599894651;;0.1778866589993413;;;;;;;;;;;;2.2664600600000995;1.0497566779995395;1.0797148809997452;1.1207018020013493;1.026292051999917;;1.1830467879990465;;;0.5106776809989242;0.2574135530012427;0.1731039399983274;0.16284802699919965;0.12652107600115414;;0.2390261679993273;;;;;;;;;;;;0.17259129800004303;0.16933139699904132;0.10642424900106562;0.08185869400040247;0.04418296400035615;;0.1599311959998886;;;;;;;;;;
89;090_da55509f.jpg;imagens/Celebrity Faces Dataset/Angelina Jolie/090_da55509f.jpg;;0.1674379449996195;0.1559382719988207;0.09912256300049194;0.08255619200099318;0.0341545680003037;;0.13788430000022345;;;0.1969957860001159;0.19504455199967197;0.09412366000105976;0.0855188410005212;0.044441912999900524;;0.15115382699877955;;;;;;;;;;;;0.6379833900009544;0.7187253460015199;0.6639415409990761;0.6805521000005683;0.6575536509990343;;0.7522542189999513;;;0.25247488300010446;0.23143003699988185;0.17349087599905033;0.14119664000099874;0.10643924199939647;;0.21484943100040255;;;;;;;;;;;;0.15118254300068656;0.17663177800022822;0.0956810450006742;0.07389698299994052;0.03083977300047991;;0.12972794999950565;;;;;;;;;;
90;091_b5b4a62f.jpg;imagens/Celebrity Faces Dataset/Angelina Jolie/091_b5b4a62f.jpg;;0.21767155999987153;0.19849382400025206;0.13263632499911182;0.12277135700060171;0.06692121000014595;;0.17782966199956718;;;0.19315133899908687;0.1887026220010739;0.10562766399925749;0.10288616599973466;0.0550894200005132;;0.18214021800122282;;;;;;;;;;;;0.9358681899993826;0.9714538200005336;1.0948812520000502;1.037748370999907;1.0377606710007967;;1.0762793280009646;;;0.24270506500033662;0.23734286400031124;0.19076578999920457;0.147792945999754;0.10822555599952466;;0.21529627399831952;;;;;;;;;;;;0.15518672000143852;0.20809092099989357;0.20199322599910374;0.08508244000040577;0.042751868000777904;;0.14493726399996376;;;;;;;;;;
91;092_26130bb1.jpg;imagens/Celebrity Faces Dataset/Angelina Jolie/092_26130bb1.jpg;;0.23515011699964816;0.22074042499843927;0.13992299599885882;0.13637713200114376;0.07758370699957595;;0.19023232300060045;;;0.21266114100035338;0.20769466400088277;0.11736292900059198;0.11339472500003467;0.06214438999995764;;0.16243286700046156;;;;;;;;;;;;0.9405101950014796;1.0868583280007442;1.0152178480002476;1.0672734820000187;1.0205806860012672;;1.1977089230003912;;;0.28360350799994194;0.26431335099914577;0.17668985499949486;0.16599372699965897;0.13439875999938522;;0.23725565700078732;;;;;;;;;;;;0.1581682659998478;0.16582456399919465;0.08993425900007423;0.09287374199993792;0.04595157800031302;;0.13594366699908278;;;;;;;;;;
92;093_6ce62543.jpg;imagens/Celebrity Faces Dataset/Angelina Jolie/093_6ce62543.jpg;;0.25011342400102876;0.23296285899959912;0.15952311799992458;0.1425946990002558;0.10197272900040844;;0.2310255270003836;;;0.21599774500100466;0.2192224439986603;0.12570737100031693;0.12071995699989202;0.07367585999963921;;0.17952017500101647;;;;;;;;;;;;0.99725627800035;1.0134711539994896;1.0153460600013204;1.0387104179990274;1.0410496019994753;;1.1522320999993099;;;0.2562611529992864;0.251580598000146;0.17625109500113467;0.1634320450011728;0.1271068269998068;;0.30009744899871293;;;;;;;;;;;;0.1657382690009399;0.16859393899903807;0.08798417099933431;0.08492194300015399;0.04467442600071081;;0.14809780399991723;;;;;;;;;;
93;094_c255b703.jpg;imagens/Celebrity Faces Dataset/Angelina Jolie/094_c255b703.jpg;;0.23136067999985244;0.20210580399907485;0.13557524899988493;0.12554286899830913;0.07293041800039646;;0.18120971999996982;;;0.22047579700119968;0.20658252000066568;0.1128174969999236;0.09523686600005021;0.052030901999387424;;0.2046575380009017;;;;;;;;;;;;0.9589752270003373;1.0862522419993184;1.032061228999737;1.0808014849990286;1.0435142290007207;;1.134278796000217;;;0.2904189300006692;0.26684734700029367;0.1891573770008108;0.16992588300126954;0.1246387679984764;;0.24056024400124443;;;;;;;;;;;;0.18456605299979856;0.1750962790010817;0.08498640099969634;0.08675890300037281;0.07267823599977419;;0.14780797700041148;;;;;;;;;;
94;095_0be163a1.jpg;imagens/Celebrity Faces Dataset/Angelina Jolie/095_0be163a1.jpg;;0.26259262900020985;0.24711138400016353;0.18124187600005826;0.17290158300056646;0.11591998899893952;;0.23865785299858544;;;0.23088506100066297;0.2873293749998993;0.13554646800002956;0.1191365440008667;0.08021718100098951;;0.17659934500079544;;;;;;;;;;;;1.036944091998521;1.0267625189990213;1.0544497899991256;1.0900660999996035;1.0626692559999356;;1.2028622210000322;;;0.2703771319993393;0.25262040099914884;0.17853476500022225;0.1640609599999152;0.1268859200008592;;0.23775041699991561;;;;;;;;;;;;0.16291773699958867;0.17628562099889677;0.12220510799852491;0.08498967299965443;0.052867591999529395;;0.14832730000125594;;;;;;;;;;
95;096_75710434.jpg;imagens/Celebrity Faces Dataset/Angelina Jolie/096_75710434.jpg;;0.17736789399896224;0.15626192099989566;0.09040443099911499;0.08007008299864538;0.04308988499906263;;0.144448287999694;;;0.16581839399987075;0.18790728299973125;0.11364452199995867;0.0911870079999062;0.047131835999607574;;0.17494952899869531;;;;;;;;;;;;2.8707849540005554;0.6687072579989035;0.6026201599997876;0.6480780439997034;0.5756906920014444;;0.7570239569995465;;;2.5877578649997304;0.2302822190013103;0.17335275000004913;0.14631306599949312;0.1075250430003507;;0.23283631300000707;;;;;;;;;;;;0.17086565000136034;0.17636888699962583;0.0806916090004961;0.06978520799930266;0.027654354000333115;;0.13545611799963808;;;;;;;;;;
96;097_9a6bf61f.jpg;imagens/Celebrity Faces Dataset/Angelina Jolie/097_9a6bf61f.jpg;;0.2604182929990202;0.2499576120007987;0.17166213100063032;0.15940679099912813;0.11254702499900304;;0.21525880199988023;;;0.1992163659997459;0.2197141120013839;0.12855258000126923;0.132484335999834;0.08133326499955729;;0.19317899399902672;;;;;;;;;;;;1.4345252200000687;1.109220672000447;1.0991710130001593;1.0987462729990511;1.1022930719991564;;1.2188686130011774;;;0.24870266299876675;0.24973483699977805;0.1929460699993797;0.16675157200006652;0.13070540799890296;;0.24310047499966458;;;;;;;;;;;;0.17833171699930972;0.1882584590002807;0.08914408400050888;0.08207610699901124;0.04341957199903845;;0.1398613990004378;;;;;;;;;;
97;098_dd1405fc.jpg;imagens/Celebrity Faces Dataset/Angelina Jolie/098_dd1405fc.jpg;;0.2596626020003896;0.24210359300013806;0.16550997299964365;0.15120403299988538;0.10139380500004336;;0.2148857610009145;;;0.20195995299945935;0.20422927499930665;0.14198177300022508;0.11000478599999042;0.06557904100009182;;0.162962370999594;;;;;;;;;;;;1.3537847860006877;1.0458060639994073;1.0357270599997719;1.1081733579994761;1.0373921230002452;;1.1984570360000362;;;0.2513045929990767;0.251395445999151;0.1820512400008738;0.1658194720002939;0.1288534939994861;;0.24480404899986752;;;;;;;;;;;;0.15760427500026708;0.19741597100073704;0.09241668399954506;0.08415956600038044;0.04607141999986197;;0.14341250799952832;;;;;;;;;;
98;099_c22d3e48.jpg;imagens/Celebrity Faces Dataset/Angelina Jolie/099_c22d3e48.jpg;;0.2131477660004748;0.19499813600123161;0.12115525800072646;0.11578898800144088;0.06153091300075175;;0.17436095199991541;;;;;;;;;;;;;;;;;;;;;1.0562470180011587;1.11729786000069;1.0469233140011056;1.0519852409997839;1.0496076029994583;;1.1698104939987388;;;0.25988194400088105;0.2480860389987356;0.1969916979996924;0.16289383199909935;0.15985014699981548;;0.2329092469990428;;;;;;;;;;;;0.18420981599956576;0.17288568499861867;0.09190201299861656;0.07643018599992502;0.04036225700110663;;0.14124839000032807;;;;;;;;;;
99;100_31ff9373.jpg;imagens/Celebrity Faces Dataset/Angelina Jolie/100_31ff9373.jpg;;0.21815445699940028;0.21303799099950993;0.14233489300022484;0.12839790799989714;0.0910984060010378;;0.1858581670003332;;;0.19947636100005184;0.1848728420009138;0.11672421500043129;0.12462015500022972;0.0763046240008407;;0.17075086099976033;;;;;;;;;;;;2.1809146819996386;1.0116445229996316;1.0054982929996186;1.0733481749994098;0.9824068739999348;;1.174093551999249;;;0.9454456879993813;0.25762077100080205;0.18013858100130165;0.1617396240017115;0.12480942700130981;;0.23299675000089337;;;;;;;;;;;;0.1725681909993;0.1663827760003187;0.08509419099937077;0.09245221799938008;0.043004199000279186;;0.1454497930008074;;;;;;;;;;
